{"type":"FeatureCollection","features":[{"type":"Feature","properties":{"kode":"35.06.01","nama":"Semen"},"geometry":{"type":"Polygon","coordinates":[[[111.94937,-7.85498],[111.94849,-7.85908],[111.94582,-7.85948],[111.94398,-7.86073],[111.9426,-7.86083],[111.93784,-7.85904],[111.93276,-7.86239],[111.93136,-7.86282],[111.93003,-7.86275],[111.92599,-7.86085],[111.92209,-7.86129],[111.92042,-7.86113],[111.91952,-7.86155],[111.91818,-7.86138],[111.91736,-7.86229],[111.91519,-7.86314],[111.91258,-7.86328],[111.91072,-7.86296],[111.9098,-7.86374],[111.90852,-7.86396],[111.90831,-7.86451],[111.90782,-7.86405],[111.90654,-7.8643],[111.90588,-7.86566],[111.90619,-7.86689],[111.90602,-7.86855],[111.90373,-7.86871],[111.9014,-7.86775],[111.90073,-7.86815],[111.89998,-7.86778],[111.89933,-7.86818],[111.89885,-7.86721],[111.89801,-7.86718],[111.89764,-7.86731],[111.89715,-7.86838],[111.89655,-7.86813],[111.89647,-7.86752],[111.89534,-7.86623],[111.89342,-7.86567],[111.8929,-7.86486],[111.89089,-7.86378],[111.88922,-7.86161],[111.88447,-7.86028],[111.88338,-7.8597],[111.88236,-7.85793],[111.88046,-7.85693],[111.8799,-7.85602],[111.87863,-7.85494],[111.87775,-7.85333],[111.87699,-7.85276],[111.87723,-7.85207],[111.87705,-7.85178],[111.875,-7.85139],[111.87483,-7.85036],[111.8753,-7.84966],[111.87467,-7.8489],[111.87371,-7.84901],[111.87325,-7.85008],[111.872,-7.85042],[111.87097,-7.84978],[111.86987,-7.85036],[111.86933,-7.85033],[111.86695,-7.84936],[111.86623,-7.84956],[111.86456,-7.8509],[111.86269,-7.8514],[111.86173,-7.85206],[111.86015,-7.85204],[111.85939,-7.85132],[111.85897,-7.85129],[111.85844,-7.85257],[111.85702,-7.85179],[111.85569,-7.85404],[111.85448,-7.85497],[111.85337,-7.85421],[111.8524,-7.85268],[111.85087,-7.85136],[111.85033,-7.85128],[111.84974,-7.85213],[111.84851,-7.85131],[111.84742,-7.85192],[111.84691,-7.85321],[111.84363,-7.85383],[111.84085,-7.85368],[111.84037,-7.85263],[111.83804,-7.85212],[111.837,-7.85259],[111.8363,-7.85243],[111.83577,-7.85301],[111.83316,-7.85404],[111.83129,-7.85399],[111.82963,-7.85434],[111.8264,-7.85548],[111.82473,-7.85513],[111.82367,-7.85549],[111.82314,-7.85523],[111.82185,-7.85347],[111.82021,-7.85341],[111.82006,-7.85187],[111.8196,-7.85146],[111.81807,-7.85192],[111.81667,-7.85171],[111.81494,-7.85256],[111.81383,-7.85164],[111.81217,-7.85225],[111.80945,-7.85165],[111.80684,-7.85065],[111.80637,-7.85007],[111.80437,-7.84973],[111.80372,-7.84907],[111.80176,-7.84822],[111.79882,-7.84777],[111.79717,-7.8479],[111.79702,-7.84272],[111.79911,-7.83848],[111.7992,-7.83657],[111.80112,-7.83523],[111.80402,-7.82936],[111.80553,-7.82767],[111.80825,-7.82585],[111.80998,-7.82583],[111.81058,-7.8255],[111.81178,-7.82379],[111.81431,-7.8219],[111.81527,-7.82152],[111.81751,-7.82167],[111.81993,-7.82053],[111.82032,-7.82066],[111.82318,-7.81957],[111.82504,-7.81834],[111.83373,-7.81822],[111.83663,-7.81898],[111.83815,-7.81877],[111.83944,-7.81904],[111.84221,-7.81897],[111.84306,-7.81938],[111.84518,-7.81834],[111.84599,-7.81824],[111.84739,-7.81886],[111.84911,-7.81878],[111.84983,-7.82009],[111.84924,-7.82101],[111.84962,-7.82141],[111.8507,-7.82095],[111.85169,-7.82146],[111.8521,-7.82053],[111.85359,-7.81997],[111.85522,-7.82025],[111.85635,-7.82158],[111.85747,-7.8219],[111.85847,-7.82264],[111.86096,-7.82225],[111.86418,-7.82096],[111.86621,-7.82088],[111.8685,-7.82177],[111.87488,-7.82304],[111.87606,-7.82235],[111.8781,-7.8197],[111.88006,-7.81875],[111.88124,-7.81773],[111.88267,-7.8177],[111.88393,-7.81654],[111.88368,-7.81544],[111.88399,-7.81536],[111.88464,-7.81598],[111.88747,-7.8142],[111.88934,-7.81418],[111.8907,-7.81513],[111.89223,-7.81397],[111.89303,-7.81465],[111.89346,-7.81429],[111.89311,-7.81339],[111.89325,-7.81281],[111.89432,-7.81284],[111.89479,-7.81361],[111.8957,-7.8138],[111.89619,-7.8135],[111.89582,-7.81268],[111.8965,-7.81205],[111.89694,-7.81229],[111.8973,-7.81334],[111.89869,-7.81325],[111.9005,-7.81249],[111.90166,-7.81129],[111.90434,-7.81099],[111.90521,-7.81156],[111.90592,-7.81027],[111.90689,-7.81048],[111.90714,-7.81129],[111.90819,-7.81081],[111.90956,-7.81163],[111.91025,-7.81115],[111.91203,-7.81163],[111.91447,-7.81318],[111.91659,-7.81275],[111.92094,-7.81264],[111.92245,-7.81155],[111.92406,-7.80968],[111.92818,-7.80902],[111.92892,-7.80975],[111.92992,-7.80864],[111.93174,-7.80922],[111.9325,-7.80837],[111.93414,-7.8092],[111.93636,-7.80887],[111.93722,-7.80968],[111.93896,-7.80888],[111.94162,-7.80927],[111.95537,-7.80935],[111.95544,-7.81148],[111.95496,-7.81232],[111.95491,-7.81485],[111.95591,-7.81718],[111.95783,-7.81888],[111.95785,-7.81966],[111.95726,-7.81983],[111.95741,-7.82028],[111.95715,-7.82058],[111.95736,-7.82087],[111.95779,-7.82077],[111.95763,-7.82162],[111.95809,-7.82286],[111.96109,-7.82322],[111.96159,-7.82353],[111.96278,-7.8233],[111.96474,-7.82421],[111.96714,-7.82327],[111.96747,-7.82483],[111.9704,-7.82404],[111.97176,-7.82436],[111.97213,-7.82339],[111.97304,-7.82307],[111.97335,-7.824],[111.97291,-7.82508],[111.97338,-7.82513],[111.97336,-7.82549],[111.97386,-7.82511],[111.9745,-7.82516],[111.97461,-7.8256],[111.97523,-7.82593],[111.97558,-7.82777],[111.97649,-7.82758],[111.97658,-7.82866],[111.97799,-7.8284],[111.97793,-7.82701],[111.97955,-7.82712],[111.97963,-7.82768],[111.97997,-7.82781],[111.98033,-7.82747],[111.98151,-7.82749],[111.98196,-7.827],[111.98281,-7.82691],[111.98322,-7.8264],[111.98393,-7.82625],[111.98354,-7.82794],[111.98389,-7.82834],[111.98349,-7.8294],[111.98309,-7.8296],[111.98281,-7.83248],[111.98298,-7.83278],[111.98322,-7.83249],[111.98398,-7.83252],[111.98464,-7.83309],[111.98353,-7.83728],[111.98385,-7.83779],[111.98626,-7.83876],[111.98701,-7.83958],[111.98818,-7.83901],[111.9897,-7.83941],[111.99052,-7.83889],[111.99167,-7.8392],[111.99197,-7.8385],[111.99299,-7.83832],[111.99532,-7.83949],[111.99579,-7.83865],[111.997,-7.83924],[111.99767,-7.83743],[112.00175,-7.83892],[112.00312,-7.83891],[112.0056,-7.83958],[112.00652,-7.8402],[112.00805,-7.84037],[112.00716,-7.84261],[112.00624,-7.84372],[112.00224,-7.84682],[111.99893,-7.85012],[111.99563,-7.85209],[111.99447,-7.85432],[111.99322,-7.85415],[111.99224,-7.85368],[111.992,-7.85315],[111.98943,-7.85241],[111.989,-7.85356],[111.9874,-7.85287],[111.9856,-7.85666],[111.97879,-7.85457],[111.97843,-7.85581],[111.97737,-7.85573],[111.97728,-7.856],[111.96535,-7.85363],[111.96477,-7.85565],[111.96313,-7.85519],[111.95845,-7.85485],[111.95835,-7.85372],[111.9564,-7.85411],[111.95522,-7.85388],[111.95478,-7.85428],[111.9546,-7.85679],[111.95291,-7.85587],[111.94937,-7.85498]]]}},{"type":"Feature","properties":{"kode":"35.06.02","nama":"Mojo"},"geometry":{"type":"Polygon","coordinates":[[[111.93631,-7.95638],[111.93352,-7.95824],[111.93091,-7.96233],[111.92851,-7.96258],[111.92768,-7.96294],[111.92747,-7.96108],[111.9266,-7.9612],[111.92528,-7.96039],[111.92483,-7.95947],[111.92399,-7.95894],[111.92397,-7.95822],[111.92313,-7.9579],[111.92307,-7.95696],[111.92191,-7.95721],[111.92136,-7.95642],[111.91956,-7.95682],[111.91797,-7.95646],[111.9176,-7.95679],[111.91774,-7.95743],[111.91727,-7.95829],[111.91824,-7.96004],[111.91719,-7.96033],[111.91735,-7.96108],[111.91712,-7.96121],[111.91566,-7.96029],[111.9151,-7.96027],[111.91307,-7.95867],[111.91167,-7.95852],[111.91112,-7.95898],[111.91065,-7.95895],[111.91121,-7.95754],[111.91004,-7.95612],[111.90941,-7.95709],[111.9082,-7.95771],[111.90683,-7.95745],[111.90695,-7.95608],[111.90648,-7.95658],[111.90514,-7.95678],[111.90474,-7.95728],[111.90385,-7.95634],[111.9026,-7.95707],[111.90138,-7.95627],[111.9006,-7.95626],[111.90146,-7.95553],[111.90115,-7.95507],[111.90051,-7.95525],[111.90025,-7.9547],[111.89909,-7.95444],[111.8989,-7.95383],[111.89795,-7.9531],[111.89684,-7.95302],[111.89619,-7.95218],[111.89545,-7.95319],[111.89513,-7.95297],[111.89518,-7.95236],[111.89396,-7.95226],[111.89381,-7.95259],[111.89469,-7.95319],[111.89468,-7.95357],[111.89219,-7.95251],[111.89181,-7.95273],[111.88998,-7.95126],[111.88892,-7.95091],[111.88797,-7.94968],[111.88714,-7.94972],[111.88669,-7.94849],[111.88481,-7.94768],[111.88435,-7.94816],[111.88363,-7.94791],[111.88284,-7.94718],[111.88254,-7.94645],[111.8827,-7.94577],[111.88189,-7.94512],[111.88199,-7.94371],[111.88081,-7.94338],[111.88002,-7.94254],[111.87959,-7.93915],[111.87855,-7.93842],[111.87881,-7.93761],[111.87827,-7.9371],[111.87891,-7.93641],[111.87879,-7.93463],[111.87824,-7.93287],[111.87658,-7.93007],[111.87447,-7.92805],[111.87401,-7.92669],[111.87328,-7.92591],[111.87257,-7.92342],[111.87158,-7.92296],[111.87046,-7.92136],[111.87009,-7.9196],[111.86912,-7.91783],[111.86593,-7.91472],[111.86598,-7.91388],[111.86514,-7.91334],[111.86511,-7.91266],[111.86456,-7.91245],[111.86289,-7.9107],[111.86255,-7.90943],[111.8632,-7.90834],[111.86303,-7.90766],[111.86113,-7.90754],[111.86024,-7.90602],[111.85952,-7.90607],[111.85853,-7.90479],[111.85812,-7.90492],[111.85529,-7.9042],[111.85482,-7.90341],[111.85407,-7.90317],[111.85338,-7.90222],[111.85256,-7.902],[111.85205,-7.90098],[111.85125,-7.90086],[111.84956,-7.89908],[111.84892,-7.89726],[111.84632,-7.89435],[111.84441,-7.89093],[111.84255,-7.88959],[111.84109,-7.88916],[111.84063,-7.88819],[111.8383,-7.88601],[111.83746,-7.88367],[111.83688,-7.88298],[111.83038,-7.87744],[111.82528,-7.87475],[111.82159,-7.87367],[111.82066,-7.87221],[111.82015,-7.87193],[111.81684,-7.87205],[111.81542,-7.87102],[111.81414,-7.86931],[111.8117,-7.86865],[111.81037,-7.86643],[111.80888,-7.86631],[111.80598,-7.86546],[111.80271,-7.86567],[111.80204,-7.86076],[111.8018,-7.85758],[111.80199,-7.85629],[111.80103,-7.85473],[111.79942,-7.85307],[111.79957,-7.85146],[111.7993,-7.85043],[111.79717,-7.8479],[111.79882,-7.84777],[111.80176,-7.84822],[111.80372,-7.84907],[111.80437,-7.84973],[111.80637,-7.85007],[111.80684,-7.85065],[111.80945,-7.85165],[111.81217,-7.85225],[111.81383,-7.85164],[111.81494,-7.85256],[111.81667,-7.85171],[111.81807,-7.85192],[111.8196,-7.85146],[111.82006,-7.85187],[111.82021,-7.85341],[111.82185,-7.85347],[111.82314,-7.85523],[111.82367,-7.85549],[111.82473,-7.85513],[111.8264,-7.85548],[111.82963,-7.85434],[111.83129,-7.85399],[111.83316,-7.85404],[111.83577,-7.85301],[111.8363,-7.85243],[111.837,-7.85259],[111.83804,-7.85212],[111.84037,-7.85263],[111.84085,-7.85368],[111.84363,-7.85383],[111.84691,-7.85321],[111.84742,-7.85192],[111.84851,-7.85131],[111.84974,-7.85213],[111.85033,-7.85128],[111.85087,-7.85136],[111.8524,-7.85268],[111.85337,-7.85421],[111.85448,-7.85497],[111.85569,-7.85404],[111.85702,-7.85179],[111.85844,-7.85257],[111.85897,-7.85129],[111.85939,-7.85132],[111.86015,-7.85204],[111.86173,-7.85206],[111.86269,-7.8514],[111.86456,-7.8509],[111.86623,-7.84956],[111.86695,-7.84936],[111.86933,-7.85033],[111.86987,-7.85036],[111.87097,-7.84978],[111.872,-7.85042],[111.87325,-7.85008],[111.87371,-7.84901],[111.87467,-7.8489],[111.8753,-7.84966],[111.87483,-7.85036],[111.875,-7.85139],[111.87705,-7.85178],[111.87723,-7.85207],[111.87699,-7.85276],[111.87775,-7.85333],[111.87863,-7.85494],[111.8799,-7.85602],[111.88046,-7.85693],[111.88236,-7.85793],[111.88282,-7.85908],[111.88365,-7.85992],[111.88922,-7.86161],[111.89089,-7.86378],[111.8929,-7.86486],[111.89342,-7.86567],[111.89534,-7.86623],[111.89678,-7.86826],[111.89715,-7.86838],[111.89772,-7.86722],[111.89885,-7.86721],[111.89933,-7.86818],[111.89998,-7.86778],[111.90073,-7.86815],[111.9014,-7.86775],[111.90373,-7.86871],[111.90602,-7.86855],[111.90619,-7.86689],[111.90588,-7.86566],[111.90645,-7.86436],[111.90739,-7.86402],[111.90831,-7.86451],[111.90852,-7.86396],[111.9098,-7.86374],[111.91072,-7.86296],[111.91258,-7.86328],[111.91519,-7.86314],[111.91736,-7.86229],[111.91808,-7.8614],[111.91952,-7.86155],[111.92042,-7.86113],[111.92209,-7.86129],[111.92534,-7.86082],[111.9264,-7.86096],[111.93003,-7.86275],[111.93136,-7.86282],[111.93276,-7.86239],[111.93784,-7.85904],[111.9426,-7.86083],[111.94398,-7.86073],[111.94582,-7.85948],[111.94849,-7.85908],[111.9494,-7.85488],[111.95178,-7.85576],[111.95291,-7.85587],[111.9546,-7.85679],[111.95478,-7.85428],[111.95522,-7.85388],[111.9564,-7.85411],[111.95835,-7.85372],[111.95845,-7.85485],[111.96313,-7.85519],[111.96477,-7.85565],[111.96535,-7.85363],[111.97728,-7.856],[111.97737,-7.85573],[111.97843,-7.85581],[111.97879,-7.85457],[111.9856,-7.85666],[111.9874,-7.85287],[111.989,-7.85356],[111.98943,-7.85241],[111.992,-7.85315],[111.99224,-7.85368],[111.99322,-7.85415],[111.99447,-7.85432],[111.99306,-7.85949],[111.98897,-7.86479],[111.98748,-7.86618],[111.98383,-7.8672],[111.98193,-7.86821],[111.98049,-7.87248],[111.97746,-7.87468],[111.97511,-7.87716],[111.97511,-7.88548],[111.97424,-7.88761],[111.97438,-7.89261],[111.97541,-7.89623],[111.9753,-7.89787],[111.97402,-7.89948],[111.97321,-7.89998],[111.97013,-7.90065],[111.968,-7.90215],[111.96462,-7.90541],[111.96248,-7.90899],[111.96182,-7.91136],[111.96219,-7.91266],[111.96316,-7.91338],[111.96354,-7.91417],[111.96333,-7.91561],[111.96232,-7.91896],[111.96187,-7.92225],[111.96047,-7.92594],[111.95602,-7.93126],[111.95568,-7.93308],[111.95576,-7.93557],[111.95638,-7.93775],[111.95631,-7.94006],[111.95586,-7.94145],[111.95379,-7.94276],[111.95,-7.94426],[111.94853,-7.94566],[111.94683,-7.94783],[111.9448,-7.9532],[111.94325,-7.95507],[111.94064,-7.95623],[111.93631,-7.95638]]]}},{"type":"Feature","properties":{"kode":"35.06.03","nama":"Kras"},"geometry":{"type":"Polygon","coordinates":[[[111.98805,-7.98251],[111.98615,-7.99768],[111.98124,-7.99686],[111.981,-7.99797],[111.98064,-7.99812],[111.97781,-7.99755],[111.97631,-8.00344],[111.97676,-8.00445],[111.97828,-8.00534],[111.97648,-8.00981],[111.97625,-8.01255],[111.97494,-8.01256],[111.97416,-8.01187],[111.97441,-8.01063],[111.97315,-8.01056],[111.97068,-8.00937],[111.97059,-8.0097],[111.96888,-8.00917],[111.96912,-8.00883],[111.9675,-8.00796],[111.96389,-8.00717],[111.96332,-8.00409],[111.96179,-8.00137],[111.96172,-7.99861],[111.95778,-7.99795],[111.95758,-7.99824],[111.95674,-7.99774],[111.95709,-7.99739],[111.95668,-7.99562],[111.95684,-7.99464],[111.95612,-7.9933],[111.95636,-7.99276],[111.95574,-7.99142],[111.95609,-7.99143],[111.95649,-7.99015],[111.95619,-7.99009],[111.95551,-7.99087],[111.95572,-7.98926],[111.95261,-7.9886],[111.9531,-7.98702],[111.9528,-7.98402],[111.95299,-7.98255],[111.9511,-7.98077],[111.95169,-7.97847],[111.95092,-7.97812],[111.95094,-7.9773],[111.95047,-7.97671],[111.95036,-7.97476],[111.94939,-7.97454],[111.94753,-7.97226],[111.94703,-7.97093],[111.94765,-7.96948],[111.94707,-7.96793],[111.947,-7.96665],[111.9449,-7.96579],[111.94484,-7.96535],[111.94387,-7.96449],[111.9452,-7.96385],[111.94648,-7.96157],[111.94658,-7.9605],[111.94553,-7.95728],[111.94593,-7.95706],[111.9458,-7.956],[111.94509,-7.95517],[111.94531,-7.95393],[111.9448,-7.9532],[111.94683,-7.94783],[111.95,-7.94426],[111.95379,-7.94276],[111.95586,-7.94145],[111.95631,-7.94006],[111.95638,-7.93775],[111.95576,-7.93557],[111.95568,-7.93308],[111.95602,-7.93126],[111.96047,-7.92594],[111.96187,-7.92225],[111.96206,-7.92069],[111.96585,-7.92256],[111.96818,-7.9233],[111.96899,-7.92217],[111.9694,-7.92088],[111.97205,-7.92176],[111.97246,-7.9206],[111.97195,-7.92045],[111.97221,-7.9196],[111.97496,-7.91967],[111.97787,-7.92109],[111.96994,-7.93531],[111.97167,-7.9358],[111.9709,-7.93772],[111.97367,-7.9393],[111.97565,-7.94002],[111.97624,-7.94109],[111.97728,-7.94191],[111.97795,-7.94136],[111.97872,-7.94133],[111.97898,-7.94165],[111.97972,-7.94133],[111.982,-7.9422],[111.98237,-7.94201],[111.98245,-7.94133],[111.98345,-7.94102],[111.98347,-7.94198],[111.98425,-7.94217],[111.98555,-7.93995],[111.9883,-7.94075],[111.98676,-7.9387],[111.98865,-7.93887],[111.98916,-7.93674],[111.99134,-7.93748],[111.98881,-7.93318],[111.99596,-7.93504],[111.9966,-7.93278],[111.99804,-7.93309],[111.99878,-7.93105],[112.00163,-7.93147],[112.0027,-7.93182],[112.00427,-7.93317],[112.00535,-7.93321],[112.00579,-7.93383],[112.00588,-7.93519],[112.00682,-7.93636],[112.00789,-7.93643],[112.00813,-7.93591],[112.00866,-7.93586],[112.01147,-7.9372],[112.01209,-7.93663],[112.01299,-7.93641],[112.0134,-7.93771],[112.01442,-7.93818],[112.01644,-7.93832],[112.01695,-7.93717],[112.01742,-7.93694],[112.01786,-7.93738],[112.01829,-7.93727],[112.01865,-7.93789],[112.02031,-7.93742],[112.02046,-7.93956],[112.02007,-7.94302],[112.0181,-7.94266],[112.01765,-7.9442],[112.01515,-7.94352],[112.01488,-7.94472],[112.01426,-7.94458],[112.01421,-7.94421],[112.01116,-7.94355],[112.01062,-7.94521],[112.00965,-7.94493],[112.00901,-7.94681],[112.01106,-7.9474],[112.0098,-7.95136],[112.00802,-7.95088],[112.00754,-7.95039],[112.00595,-7.95009],[112.00505,-7.95359],[112.00497,-7.95438],[112.00596,-7.95468],[112.00723,-7.95563],[112.00843,-7.95794],[112.01094,-7.95994],[112.01074,-7.96068],[112.01215,-7.96111],[112.01213,-7.96154],[112.01274,-7.96183],[112.01379,-7.96184],[112.01389,-7.96339],[112.01273,-7.96257],[112.01212,-7.96445],[112.01235,-7.96449],[112.01188,-7.96667],[112.01116,-7.96663],[112.01098,-7.96868],[112.0114,-7.96875],[112.01106,-7.97017],[112.01426,-7.97058],[112.01516,-7.97099],[112.01522,-7.9719],[112.0161,-7.97218],[112.01497,-7.97229],[112.01447,-7.97322],[112.01405,-7.97335],[112.01392,-7.97413],[112.0143,-7.97418],[112.01423,-7.97459],[112.01464,-7.97474],[112.01439,-7.97525],[112.01384,-7.97523],[112.01382,-7.97571],[112.01527,-7.97587],[112.0152,-7.97643],[112.0115,-7.97598],[112.01119,-7.97762],[112.00852,-7.97725],[112.0085,-7.97874],[112.0072,-7.979],[112.00718,-7.98068],[112.00608,-7.98069],[112.00601,-7.98176],[112.00556,-7.98233],[112.00501,-7.98217],[112.00474,-7.98319],[112.00536,-7.98332],[112.00522,-7.98403],[112.00579,-7.98423],[112.00559,-7.98684],[112.00049,-7.98599],[111.99737,-7.98615],[111.9953,-7.9845],[111.99418,-7.98399],[111.99192,-7.98374],[111.98805,-7.98251]]]}},{"type":"Feature","properties":{"kode":"35.06.04","nama":"Ngadiluwih"},"geometry":{"type":"Polygon","coordinates":[[[111.99609,-7.9236],[111.9952,-7.92661],[111.99923,-7.92755],[111.99896,-7.9289],[111.99862,-7.92884],[111.99845,-7.92969],[111.99947,-7.93039],[111.99946,-7.93126],[111.99875,-7.93107],[111.99804,-7.93309],[111.9966,-7.93278],[111.99596,-7.93504],[111.98881,-7.93318],[111.99134,-7.93748],[111.98916,-7.93674],[111.98865,-7.93887],[111.98676,-7.9387],[111.9883,-7.94075],[111.98555,-7.93995],[111.98425,-7.94217],[111.98347,-7.94198],[111.98345,-7.94102],[111.98245,-7.94133],[111.98237,-7.94201],[111.982,-7.9422],[111.97972,-7.94133],[111.97898,-7.94165],[111.97872,-7.94133],[111.97795,-7.94136],[111.97728,-7.94191],[111.97624,-7.94109],[111.97565,-7.94002],[111.97367,-7.9393],[111.9709,-7.93772],[111.97167,-7.9358],[111.96994,-7.93531],[111.97787,-7.92109],[111.97496,-7.91967],[111.97221,-7.9196],[111.97195,-7.92045],[111.97246,-7.9206],[111.97205,-7.92176],[111.9694,-7.92088],[111.96899,-7.92217],[111.96818,-7.9233],[111.96585,-7.92256],[111.96206,-7.92069],[111.96354,-7.91417],[111.96316,-7.91338],[111.96219,-7.91266],[111.96182,-7.91136],[111.96248,-7.90899],[111.96447,-7.90563],[111.96565,-7.90424],[111.97013,-7.90065],[111.97321,-7.89998],[111.9739,-7.89957],[111.9753,-7.89787],[111.97541,-7.89623],[111.97438,-7.89261],[111.97424,-7.88761],[111.97511,-7.88548],[111.97511,-7.87716],[111.97746,-7.87468],[111.98049,-7.87248],[111.98193,-7.86821],[111.98383,-7.8672],[111.98748,-7.86618],[111.98897,-7.86479],[111.99306,-7.85949],[111.99507,-7.85274],[111.99563,-7.85209],[111.99787,-7.85085],[111.9984,-7.85178],[111.99942,-7.85256],[112.0079,-7.8562],[112.00923,-7.85624],[112.01039,-7.85689],[112.01089,-7.85696],[112.01107,-7.8565],[112.01192,-7.85677],[112.01271,-7.85463],[112.01753,-7.85693],[112.01767,-7.85656],[112.01973,-7.85756],[112.02485,-7.8592],[112.02377,-7.86223],[112.02248,-7.8618],[112.02202,-7.86322],[112.02331,-7.86393],[112.02306,-7.86439],[112.02386,-7.8652],[112.02316,-7.86483],[112.0214,-7.8707],[112.02104,-7.87351],[112.0203,-7.87578],[112.01857,-7.87532],[112.01757,-7.87859],[112.01678,-7.87836],[112.01552,-7.8822],[112.01897,-7.8834],[112.01873,-7.88438],[112.02591,-7.88618],[112.02601,-7.88648],[112.03185,-7.88724],[112.03249,-7.89075],[112.03145,-7.89125],[112.03144,-7.89212],[112.03018,-7.89555],[112.03075,-7.89571],[112.02987,-7.89887],[112.02693,-7.89813],[112.02622,-7.90238],[112.02495,-7.90221],[112.02487,-7.90258],[112.02213,-7.90232],[112.02204,-7.90301],[112.02019,-7.9029],[112.01995,-7.90334],[112.02057,-7.90401],[112.02016,-7.90656],[112.0203,-7.90777],[112.02066,-7.90826],[112.01993,-7.91279],[112.0211,-7.91356],[112.0207,-7.91976],[112.02145,-7.92143],[112.02081,-7.92321],[112.02002,-7.924],[112.01535,-7.9226],[112.01526,-7.92293],[112.01428,-7.92275],[112.01416,-7.92318],[112.01288,-7.92293],[112.01213,-7.92262],[112.01219,-7.92139],[112.0108,-7.92106],[112.01039,-7.92143],[112.00991,-7.9214],[112.00893,-7.92485],[112.00772,-7.92439],[112.00682,-7.92682],[112.00612,-7.92673],[112.00619,-7.92627],[111.99883,-7.92454],[111.99609,-7.9236]]]}},{"type":"Feature","properties":{"kode":"35.06.05","nama":"Kandat"},"geometry":{"type":"Polygon","coordinates":[[[112.04624,-7.95683],[112.0447,-7.95846],[112.04431,-7.96031],[112.04387,-7.96089],[112.04295,-7.96126],[112.04218,-7.96321],[112.04103,-7.96323],[112.03942,-7.96244],[112.03581,-7.9649],[112.03206,-7.9647],[112.03115,-7.96554],[112.02662,-7.96521],[112.02619,-7.96382],[112.02362,-7.96336],[112.0238,-7.96207],[112.02432,-7.96208],[112.02474,-7.9601],[112.02405,-7.95995],[112.02352,-7.95893],[112.02167,-7.95863],[112.02175,-7.95827],[112.02093,-7.95788],[112.02074,-7.95561],[112.01949,-7.95491],[112.01866,-7.95388],[112.01909,-7.95294],[112.01855,-7.95257],[112.01875,-7.9513],[112.01835,-7.95121],[112.01998,-7.94415],[112.02046,-7.93956],[112.02031,-7.93742],[112.01865,-7.93789],[112.01829,-7.93727],[112.01786,-7.93738],[112.01742,-7.93694],[112.01695,-7.93717],[112.01644,-7.93832],[112.01442,-7.93818],[112.0134,-7.93771],[112.01299,-7.93641],[112.01209,-7.93663],[112.01147,-7.9372],[112.00866,-7.93586],[112.00813,-7.93591],[112.00789,-7.93643],[112.00682,-7.93636],[112.00588,-7.93519],[112.00579,-7.93383],[112.00535,-7.93321],[112.00427,-7.93317],[112.0027,-7.93182],[112.00163,-7.93147],[111.99946,-7.93126],[111.99947,-7.93039],[111.99845,-7.92969],[111.99862,-7.92884],[111.99896,-7.9289],[111.99923,-7.92755],[111.9952,-7.92661],[111.99609,-7.9236],[111.99883,-7.92454],[112.00619,-7.92627],[112.00612,-7.92673],[112.00682,-7.92682],[112.00772,-7.92439],[112.00893,-7.92485],[112.00991,-7.9214],[112.01039,-7.92143],[112.0108,-7.92106],[112.01219,-7.92139],[112.01213,-7.92262],[112.01288,-7.92293],[112.01416,-7.92318],[112.01428,-7.92275],[112.01526,-7.92293],[112.01535,-7.9226],[112.01998,-7.924],[112.0212,-7.92244],[112.02145,-7.92143],[112.0207,-7.91976],[112.0211,-7.91356],[112.01993,-7.91279],[112.02066,-7.90826],[112.0203,-7.90777],[112.02016,-7.90656],[112.02057,-7.90401],[112.01995,-7.90334],[112.02019,-7.9029],[112.02204,-7.90301],[112.02213,-7.90232],[112.02487,-7.90258],[112.02495,-7.90221],[112.02622,-7.90238],[112.02693,-7.89813],[112.02987,-7.89887],[112.03075,-7.89571],[112.03018,-7.89555],[112.03144,-7.89212],[112.03145,-7.89125],[112.03249,-7.89075],[112.03185,-7.88724],[112.02601,-7.88648],[112.02591,-7.88618],[112.01873,-7.88438],[112.01897,-7.8834],[112.01552,-7.8822],[112.01678,-7.87836],[112.01757,-7.87859],[112.01857,-7.87532],[112.0203,-7.87578],[112.0206,-7.87497],[112.0214,-7.8707],[112.02316,-7.86483],[112.02386,-7.8652],[112.02306,-7.86439],[112.02331,-7.86393],[112.02202,-7.86322],[112.02248,-7.8618],[112.02605,-7.86299],[112.02587,-7.86384],[112.02649,-7.8641],[112.02693,-7.86479],[112.02817,-7.86517],[112.02883,-7.86623],[112.03003,-7.8667],[112.03063,-7.86741],[112.03165,-7.86723],[112.03435,-7.86755],[112.03593,-7.86821],[112.03733,-7.86823],[112.03833,-7.86915],[112.03874,-7.87053],[112.03961,-7.87026],[112.04012,-7.87081],[112.04093,-7.87009],[112.04239,-7.87005],[112.0433,-7.87114],[112.04521,-7.87159],[112.04547,-7.87269],[112.04635,-7.87246],[112.04854,-7.87271],[112.05045,-7.86665],[112.0507,-7.86665],[112.05131,-7.86515],[112.05251,-7.86563],[112.05309,-7.86376],[112.05696,-7.86532],[112.05676,-7.86598],[112.05702,-7.8661],[112.05561,-7.87008],[112.05611,-7.87424],[112.05308,-7.87911],[112.05334,-7.8792],[112.05255,-7.88188],[112.05029,-7.88861],[112.05201,-7.88939],[112.05223,-7.88998],[112.05429,-7.89073],[112.05396,-7.89185],[112.055,-7.89222],[112.05474,-7.89319],[112.05552,-7.8934],[112.05517,-7.89444],[112.0555,-7.89453],[112.05516,-7.89604],[112.05706,-7.89655],[112.05691,-7.89722],[112.05841,-7.89757],[112.05836,-7.89784],[112.06275,-7.89805],[112.06825,-7.90023],[112.07006,-7.90047],[112.07,-7.90084],[112.07052,-7.90092],[112.07057,-7.90063],[112.07241,-7.90109],[112.07232,-7.9015],[112.07583,-7.90267],[112.07546,-7.90383],[112.07724,-7.9044],[112.07353,-7.91944],[112.07264,-7.9275],[112.07747,-7.92829],[112.07718,-7.93012],[112.07919,-7.9306],[112.07856,-7.93515],[112.07892,-7.93523],[112.07877,-7.93626],[112.07906,-7.93631],[112.07904,-7.93678],[112.07958,-7.93686],[112.07924,-7.93887],[112.07925,-7.94287],[112.07975,-7.94296],[112.07995,-7.94446],[112.08059,-7.94456],[112.07727,-7.95003],[112.07941,-7.95147],[112.07886,-7.95521],[112.07613,-7.95457],[112.07423,-7.95447],[112.07159,-7.95223],[112.07043,-7.95153],[112.06912,-7.95134],[112.06473,-7.95215],[112.06206,-7.95307],[112.06064,-7.95301],[112.05838,-7.95405],[112.0571,-7.95542],[112.0554,-7.9547],[112.05439,-7.95469],[112.05,-7.95645],[112.04884,-7.95634],[112.04624,-7.95683]]]}},{"type":"Feature","properties":{"kode":"35.06.06","nama":"Wates"},"geometry":{"type":"Polygon","coordinates":[[[112.1143,-7.94019],[112.11163,-7.9431],[112.10985,-7.9485],[112.10839,-7.95359],[112.10899,-7.95529],[112.10812,-7.95493],[112.10749,-7.95815],[112.10735,-7.95934],[112.10782,-7.95943],[112.10766,-7.96168],[112.10696,-7.96163],[112.10697,-7.96107],[112.10521,-7.95966],[112.10314,-7.95977],[112.10167,-7.95906],[112.09829,-7.95834],[112.09331,-7.95636],[112.09166,-7.95702],[112.08841,-7.95722],[112.08708,-7.95766],[112.08559,-7.95723],[112.08463,-7.95758],[112.08363,-7.95724],[112.08187,-7.95746],[112.08144,-7.95665],[112.08058,-7.95598],[112.07886,-7.95521],[112.07941,-7.95147],[112.07727,-7.95003],[112.08059,-7.94456],[112.07995,-7.94446],[112.07975,-7.94296],[112.07925,-7.94287],[112.07924,-7.93887],[112.07958,-7.93686],[112.07904,-7.93678],[112.07906,-7.93631],[112.07877,-7.93626],[112.07892,-7.93523],[112.07856,-7.93515],[112.07919,-7.9306],[112.07718,-7.93012],[112.07747,-7.92829],[112.07264,-7.9275],[112.07353,-7.91944],[112.07724,-7.9044],[112.07546,-7.90383],[112.07583,-7.90267],[112.07232,-7.9015],[112.07241,-7.90109],[112.07057,-7.90063],[112.07052,-7.90092],[112.07,-7.90084],[112.07006,-7.90047],[112.06825,-7.90023],[112.06275,-7.89805],[112.05836,-7.89784],[112.05841,-7.89757],[112.05691,-7.89722],[112.05706,-7.89655],[112.05516,-7.89604],[112.0555,-7.89453],[112.05517,-7.89444],[112.05552,-7.8934],[112.05474,-7.89319],[112.055,-7.89222],[112.05396,-7.89185],[112.05429,-7.89073],[112.05223,-7.88998],[112.05201,-7.88939],[112.05029,-7.88861],[112.05255,-7.88188],[112.05334,-7.8792],[112.05308,-7.87911],[112.05611,-7.87424],[112.05561,-7.87008],[112.05702,-7.8661],[112.05676,-7.86598],[112.05696,-7.86532],[112.05666,-7.86501],[112.05756,-7.86502],[112.05781,-7.86432],[112.06056,-7.86496],[112.06175,-7.86661],[112.06674,-7.8681],[112.06711,-7.87077],[112.06843,-7.87269],[112.06839,-7.87348],[112.06886,-7.87418],[112.06961,-7.87447],[112.06945,-7.87501],[112.07164,-7.87624],[112.07207,-7.87508],[112.07428,-7.8758],[112.07487,-7.87401],[112.07403,-7.87321],[112.07331,-7.87325],[112.07188,-7.87228],[112.07092,-7.8667],[112.07103,-7.86585],[112.07034,-7.86482],[112.07121,-7.8617],[112.07003,-7.86072],[112.06986,-7.85983],[112.06801,-7.85911],[112.06647,-7.85788],[112.06656,-7.85616],[112.06578,-7.85459],[112.06607,-7.85363],[112.06741,-7.85446],[112.0689,-7.85156],[112.06842,-7.85079],[112.06734,-7.85033],[112.06861,-7.84753],[112.06822,-7.84698],[112.06927,-7.84396],[112.07231,-7.84526],[112.07221,-7.84673],[112.07282,-7.84746],[112.0742,-7.84798],[112.0751,-7.84874],[112.07755,-7.84961],[112.07886,-7.84649],[112.07993,-7.84684],[112.08047,-7.84487],[112.08136,-7.84503],[112.08145,-7.8447],[112.08194,-7.8448],[112.08213,-7.84431],[112.08303,-7.84536],[112.08331,-7.84883],[112.09821,-7.85345],[112.10102,-7.85459],[112.09948,-7.85832],[112.09901,-7.86063],[112.09721,-7.86391],[112.09588,-7.86546],[112.09568,-7.86647],[112.09637,-7.86727],[112.09579,-7.86852],[112.09524,-7.86832],[112.09493,-7.8691],[112.09436,-7.8689],[112.09321,-7.87156],[112.09472,-7.87234],[112.09433,-7.87295],[112.09489,-7.87385],[112.09479,-7.87424],[112.0958,-7.87532],[112.0989,-7.87705],[112.09878,-7.87754],[112.09967,-7.87795],[112.10338,-7.87917],[112.10346,-7.87892],[112.10411,-7.87888],[112.10426,-7.87817],[112.10475,-7.87832],[112.10582,-7.87701],[112.107,-7.87772],[112.10723,-7.87727],[112.10778,-7.87751],[112.10982,-7.87941],[112.11039,-7.88097],[112.11297,-7.88378],[112.11317,-7.88547],[112.11452,-7.88815],[112.11515,-7.88805],[112.11597,-7.88851],[112.11615,-7.88816],[112.11822,-7.88913],[112.11964,-7.89022],[112.12,-7.88923],[112.11971,-7.88909],[112.12091,-7.88628],[112.12155,-7.88257],[112.12199,-7.88273],[112.1242,-7.88149],[112.12448,-7.881],[112.12661,-7.88164],[112.12761,-7.8829],[112.13139,-7.88501],[112.13265,-7.88525],[112.13323,-7.88469],[112.13235,-7.88402],[112.13257,-7.88279],[112.13456,-7.88376],[112.13615,-7.88059],[112.13815,-7.88167],[112.13863,-7.88066],[112.14113,-7.88204],[112.14114,-7.8826],[112.14232,-7.8841],[112.14602,-7.88646],[112.14606,-7.88701],[112.14867,-7.88873],[112.14902,-7.88962],[112.14887,-7.89065],[112.14855,-7.89073],[112.14892,-7.89179],[112.15277,-7.89373],[112.15287,-7.89415],[112.15405,-7.89476],[112.15992,-7.89601],[112.15976,-7.89983],[112.16025,-7.90036],[112.17498,-7.90924],[112.17422,-7.91061],[112.17518,-7.91091],[112.17379,-7.91343],[112.17042,-7.91227],[112.15522,-7.91175],[112.15348,-7.9122],[112.1513,-7.91128],[112.14964,-7.90988],[112.14953,-7.90938],[112.1489,-7.90959],[112.1489,-7.91416],[112.14833,-7.91326],[112.14513,-7.91094],[112.1421,-7.91927],[112.14111,-7.91822],[112.14045,-7.91798],[112.14022,-7.91847],[112.13933,-7.9181],[112.13854,-7.91917],[112.13712,-7.91876],[112.13625,-7.91797],[112.13597,-7.91904],[112.13555,-7.92112],[112.13916,-7.9224],[112.13865,-7.92422],[112.13907,-7.92438],[112.13888,-7.92498],[112.14003,-7.92535],[112.14029,-7.92603],[112.1418,-7.92632],[112.14059,-7.92835],[112.13745,-7.92768],[112.13622,-7.92693],[112.13275,-7.92575],[112.1304,-7.92618],[112.12782,-7.92551],[112.12736,-7.92623],[112.12666,-7.92899],[112.12837,-7.93],[112.12813,-7.93157],[112.12697,-7.9348],[112.12731,-7.93502],[112.1268,-7.93756],[112.12701,-7.93772],[112.12661,-7.94161],[112.12743,-7.94168],[112.12635,-7.9444],[112.12634,-7.94527],[112.12396,-7.94509],[112.12332,-7.94432],[112.12137,-7.94387],[112.1143,-7.94019]]]}},{"type":"Feature","properties":{"kode":"35.06.07","nama":"Ngancar"},"geometry":{"type":"Polygon","coordinates":[[[112.15036,-7.97571],[112.13343,-7.97604],[112.12818,-7.97415],[112.12541,-7.97444],[112.11636,-7.97256],[112.1161,-7.97191],[112.11427,-7.9708],[112.11189,-7.9699],[112.11224,-7.96944],[112.11235,-7.96718],[112.11279,-7.96693],[112.11235,-7.96557],[112.11261,-7.96314],[112.11071,-7.96208],[112.1106,-7.96313],[112.10762,-7.96352],[112.10782,-7.95943],[112.10735,-7.95926],[112.10801,-7.95518],[112.10812,-7.95493],[112.10899,-7.95529],[112.1084,-7.95349],[112.11163,-7.9431],[112.1143,-7.94019],[112.12137,-7.94387],[112.12332,-7.94432],[112.12396,-7.94509],[112.12634,-7.94527],[112.12635,-7.9444],[112.12743,-7.94168],[112.12661,-7.94161],[112.12701,-7.93772],[112.1268,-7.93756],[112.12731,-7.93502],[112.12697,-7.9348],[112.12813,-7.93157],[112.12837,-7.93],[112.12666,-7.92899],[112.12731,-7.92636],[112.12782,-7.92551],[112.1304,-7.92618],[112.13275,-7.92575],[112.13622,-7.92693],[112.13745,-7.92768],[112.14059,-7.92835],[112.1418,-7.92632],[112.14029,-7.92603],[112.14003,-7.92535],[112.13888,-7.92498],[112.13907,-7.92438],[112.13865,-7.92422],[112.13916,-7.9224],[112.13555,-7.92112],[112.13625,-7.91797],[112.13712,-7.91876],[112.13854,-7.91917],[112.13933,-7.9181],[112.14022,-7.91847],[112.14045,-7.91798],[112.14111,-7.91822],[112.1421,-7.91927],[112.14513,-7.91094],[112.14727,-7.91236],[112.14896,-7.91416],[112.1489,-7.90959],[112.14927,-7.90943],[112.14953,-7.90938],[112.14964,-7.90988],[112.15145,-7.91138],[112.15348,-7.9122],[112.15522,-7.91175],[112.17042,-7.91227],[112.17379,-7.91343],[112.17518,-7.91091],[112.17425,-7.91048],[112.17607,-7.90695],[112.17807,-7.90509],[112.17889,-7.9031],[112.18435,-7.9018],[112.18717,-7.90185],[112.18879,-7.90258],[112.19164,-7.90325],[112.19317,-7.90397],[112.19508,-7.90562],[112.19622,-7.90584],[112.19678,-7.90351],[112.19544,-7.90278],[112.2002,-7.90285],[112.20119,-7.90383],[112.20498,-7.90394],[112.20677,-7.90446],[112.20801,-7.90428],[112.20774,-7.90991],[112.21059,-7.91103],[112.21116,-7.91175],[112.2119,-7.91139],[112.21565,-7.91289],[112.21682,-7.91268],[112.21793,-7.91296],[112.22031,-7.91563],[112.22143,-7.91557],[112.22241,-7.91599],[112.22284,-7.91664],[112.22477,-7.91674],[112.23004,-7.91892],[112.23039,-7.91884],[112.23055,-7.91602],[112.23103,-7.91608],[112.23174,-7.91692],[112.23305,-7.91645],[112.23407,-7.91887],[112.2346,-7.91902],[112.23597,-7.91867],[112.23709,-7.91899],[112.23817,-7.91875],[112.2391,-7.91899],[112.23995,-7.92103],[112.24105,-7.9223],[112.24184,-7.92256],[112.24292,-7.92416],[112.24363,-7.92455],[112.24421,-7.9247],[112.24668,-7.92371],[112.24802,-7.92412],[112.24844,-7.92461],[112.25083,-7.92438],[112.25196,-7.92508],[112.25239,-7.92623],[112.25462,-7.92598],[112.25508,-7.9254],[112.25605,-7.92717],[112.25908,-7.92814],[112.26142,-7.92831],[112.2625,-7.92961],[112.26474,-7.93048],[112.26591,-7.93143],[112.26699,-7.93123],[112.26933,-7.93291],[112.27,-7.93266],[112.27225,-7.93293],[112.27556,-7.93209],[112.28007,-7.93172],[112.28137,-7.93254],[112.28312,-7.9331],[112.28641,-7.93353],[112.28695,-7.93331],[112.2871,-7.93244],[112.28767,-7.93175],[112.28949,-7.93175],[112.29121,-7.93106],[112.29396,-7.93295],[112.29503,-7.93319],[112.29662,-7.93274],[112.29939,-7.93347],[112.30226,-7.93331],[112.30321,-7.93372],[112.30393,-7.93359],[112.30499,-7.9345],[112.30547,-7.93634],[112.30052,-7.9384],[112.29484,-7.93937],[112.29293,-7.94038],[112.29221,-7.94031],[112.29154,-7.93979],[112.28856,-7.93985],[112.28769,-7.9396],[112.28687,-7.93987],[112.28442,-7.93953],[112.28333,-7.93896],[112.28243,-7.939],[112.28108,-7.93993],[112.27929,-7.94007],[112.2782,-7.94165],[112.27547,-7.94238],[112.27186,-7.942],[112.26987,-7.94308],[112.26864,-7.94339],[112.26783,-7.94329],[112.26724,-7.94285],[112.26655,-7.94293],[112.26492,-7.94445],[112.26315,-7.94434],[112.25946,-7.94738],[112.25809,-7.94683],[112.25814,-7.94561],[112.25782,-7.94468],[112.25719,-7.94405],[112.25493,-7.94399],[112.25139,-7.94476],[112.24959,-7.94542],[112.24845,-7.94639],[112.24666,-7.9469],[112.24549,-7.9468],[112.24395,-7.94759],[112.24243,-7.94748],[112.24095,-7.94949],[112.2402,-7.95143],[112.23822,-7.95217],[112.23725,-7.95321],[112.23459,-7.95487],[112.2326,-7.95552],[112.23075,-7.95512],[112.22959,-7.95554],[112.22947,-7.9562],[112.22741,-7.95708],[112.22553,-7.95901],[112.22356,-7.95958],[112.22191,-7.96049],[112.22138,-7.96159],[112.21784,-7.96238],[112.21685,-7.96288],[112.21236,-7.96366],[112.21135,-7.96374],[112.2089,-7.96273],[112.20695,-7.96275],[112.20536,-7.96303],[112.20485,-7.96361],[112.20276,-7.9642],[112.20133,-7.96404],[112.19896,-7.96513],[112.19815,-7.96696],[112.19757,-7.96748],[112.19214,-7.97008],[112.18619,-7.97146],[112.18355,-7.97284],[112.18155,-7.97349],[112.17932,-7.97368],[112.17828,-7.97412],[112.17476,-7.97429],[112.16678,-7.97542],[112.16284,-7.9755],[112.1613,-7.9765],[112.16019,-7.97636],[112.1588,-7.97697],[112.15564,-7.97744],[112.15541,-7.97712],[112.15414,-7.97692],[112.15291,-7.97723],[112.15024,-7.9772],[112.15036,-7.97571]]]}},{"type":"Feature","properties":{"kode":"35.06.08","nama":"Puncu"},"geometry":{"type":"Polygon","coordinates":[[[112.30225,-7.92772],[112.30411,-7.92918],[112.30414,-7.92968],[112.30448,-7.92967],[112.30558,-7.93088],[112.30679,-7.93147],[112.30746,-7.93243],[112.30712,-7.93428],[112.30614,-7.93607],[112.30547,-7.93634],[112.30499,-7.9345],[112.30393,-7.93359],[112.30321,-7.93372],[112.30266,-7.93295],[112.29914,-7.93097],[112.29741,-7.93087],[112.29404,-7.92957],[112.29321,-7.92851],[112.29217,-7.92798],[112.29193,-7.92741],[112.29051,-7.92655],[112.28957,-7.92543],[112.28882,-7.92529],[112.28814,-7.92583],[112.28759,-7.92576],[112.287,-7.92496],[112.28581,-7.92463],[112.285,-7.92371],[112.28138,-7.92487],[112.28016,-7.92324],[112.27823,-7.92294],[112.27783,-7.92187],[112.27729,-7.92169],[112.27697,-7.92116],[112.27627,-7.92101],[112.27587,-7.92025],[112.27331,-7.92045],[112.26917,-7.91913],[112.26831,-7.9176],[112.26788,-7.91372],[112.26768,-7.91323],[112.26674,-7.91292],[112.26706,-7.91224],[112.26582,-7.90966],[112.26437,-7.90877],[112.2622,-7.90828],[112.26076,-7.9049],[112.25886,-7.90428],[112.25594,-7.90178],[112.25221,-7.89966],[112.2507,-7.89692],[112.24993,-7.89609],[112.24993,-7.89472],[112.24939,-7.89383],[112.24565,-7.89103],[112.24099,-7.88691],[112.24069,-7.88599],[112.23953,-7.88492],[112.23896,-7.88382],[112.23375,-7.87826],[112.23143,-7.87676],[112.23025,-7.87729],[112.22918,-7.87512],[112.22836,-7.87433],[112.22642,-7.87369],[112.22165,-7.86787],[112.21986,-7.86677],[112.21693,-7.86309],[112.21491,-7.862],[112.21011,-7.85779],[112.21063,-7.85646],[112.20981,-7.8556],[112.21115,-7.85295],[112.21242,-7.85203],[112.21412,-7.85157],[112.21552,-7.84821],[112.21332,-7.84736],[112.21434,-7.84484],[112.21046,-7.84311],[112.21205,-7.83778],[112.20914,-7.83654],[112.209,-7.83536],[112.21208,-7.82624],[112.21277,-7.82326],[112.20688,-7.82818],[112.20589,-7.82571],[112.20355,-7.82482],[112.20269,-7.82746],[112.2014,-7.82524],[112.20023,-7.82461],[112.19917,-7.8251],[112.19873,-7.82321],[112.19694,-7.82233],[112.19665,-7.8231],[112.19749,-7.8242],[112.19585,-7.82906],[112.1928,-7.82651],[112.1919,-7.82778],[112.19559,-7.83109],[112.19577,-7.8314],[112.19537,-7.83311],[112.19343,-7.83219],[112.19221,-7.83301],[112.19158,-7.83484],[112.1887,-7.83352],[112.18711,-7.83339],[112.18528,-7.83377],[112.1822,-7.83184],[112.17855,-7.82712],[112.17929,-7.82344],[112.17798,-7.82206],[112.17823,-7.82082],[112.17949,-7.82099],[112.17949,-7.82041],[112.1741,-7.81922],[112.17072,-7.81603],[112.17027,-7.81385],[112.16887,-7.81311],[112.16862,-7.81177],[112.16875,-7.80926],[112.16497,-7.8074],[112.16363,-7.80614],[112.16518,-7.80605],[112.17007,-7.80842],[112.17206,-7.81064],[112.17378,-7.81097],[112.17538,-7.81181],[112.17641,-7.81181],[112.17755,-7.80921],[112.17717,-7.80711],[112.17612,-7.80501],[112.17649,-7.80367],[112.17564,-7.80318],[112.17689,-7.80121],[112.17768,-7.79914],[112.17882,-7.79997],[112.17861,-7.80026],[112.18363,-7.8034],[112.18482,-7.80049],[112.19253,-7.79028],[112.19343,-7.78801],[112.19804,-7.78969],[112.19825,-7.78805],[112.19921,-7.78811],[112.19949,-7.78201],[112.20254,-7.78189],[112.20263,-7.78123],[112.20523,-7.7821],[112.20626,-7.78035],[112.20721,-7.78051],[112.20726,-7.77991],[112.21177,-7.78157],[112.21412,-7.783],[112.2138,-7.78384],[112.21392,-7.78415],[112.21455,-7.78431],[112.21397,-7.78656],[112.21542,-7.78895],[112.21604,-7.78959],[112.21991,-7.79114],[112.22262,-7.79285],[112.22161,-7.7983],[112.22261,-7.7985],[112.22249,-7.79909],[112.22291,-7.79945],[112.2227,-7.79993],[112.22379,-7.80043],[112.22562,-7.80205],[112.22779,-7.80302],[112.22784,-7.8033],[112.23097,-7.80354],[112.2364,-7.80605],[112.24111,-7.80748],[112.24201,-7.80433],[112.24517,-7.80233],[112.24624,-7.80184],[112.24813,-7.80198],[112.25049,-7.80146],[112.25203,-7.8016],[112.25159,-7.81078],[112.25075,-7.81354],[112.24905,-7.81486],[112.24909,-7.81659],[112.24871,-7.81723],[112.24725,-7.81826],[112.24722,-7.82012],[112.2486,-7.82442],[112.25169,-7.8231],[112.25255,-7.82304],[112.25366,-7.8223],[112.25524,-7.82216],[112.25582,-7.8214],[112.25927,-7.82077],[112.2617,-7.81982],[112.26204,-7.8201],[112.26171,-7.82286],[112.26509,-7.82183],[112.26928,-7.81967],[112.27322,-7.81854],[112.27294,-7.82534],[112.2753,-7.82517],[112.2768,-7.82448],[112.2752,-7.83078],[112.27084,-7.8365],[112.27048,-7.85161],[112.27077,-7.86075],[112.27208,-7.86078],[112.27209,-7.86253],[112.27524,-7.86271],[112.27525,-7.86378],[112.27856,-7.86376],[112.27844,-7.86453],[112.28123,-7.86457],[112.28132,-7.86836],[112.28289,-7.8684],[112.28509,-7.87226],[112.28511,-7.87838],[112.28609,-7.87916],[112.28702,-7.88097],[112.2895,-7.88246],[112.28964,-7.88404],[112.2888,-7.88489],[112.28953,-7.88655],[112.28947,-7.88889],[112.29121,-7.89129],[112.29435,-7.89462],[112.29742,-7.90202],[112.29854,-7.90377],[112.29838,-7.90979],[112.29943,-7.91476],[112.29899,-7.91636],[112.29917,-7.91711],[112.30029,-7.91837],[112.30107,-7.9204],[112.30164,-7.92063],[112.30188,-7.92112],[112.30197,-7.92169],[112.30077,-7.92356],[112.30113,-7.92585],[112.30225,-7.92772]]]}},{"type":"Feature","properties":{"kode":"35.06.09","nama":"Plosoklaten"},"geometry":{"type":"Polygon","coordinates":[[[112.122,-7.88273],[112.12155,-7.88257],[112.12134,-7.88306],[112.12091,-7.88628],[112.11971,-7.88909],[112.12,-7.88923],[112.11964,-7.89022],[112.11822,-7.88913],[112.11615,-7.88816],[112.11597,-7.88851],[112.11515,-7.88805],[112.11452,-7.88815],[112.11317,-7.88547],[112.11281,-7.88354],[112.11039,-7.88097],[112.10982,-7.87941],[112.10778,-7.87751],[112.10672,-7.87707],[112.10805,-7.87335],[112.11017,-7.87373],[112.11169,-7.87047],[112.11242,-7.87032],[112.113,-7.87059],[112.11366,-7.86952],[112.11488,-7.86918],[112.1164,-7.8682],[112.11734,-7.86824],[112.11824,-7.86877],[112.1185,-7.86878],[112.11873,-7.8681],[112.12003,-7.86819],[112.12077,-7.86859],[112.12161,-7.86576],[112.1203,-7.86461],[112.12079,-7.86384],[112.11913,-7.86286],[112.1183,-7.86415],[112.11711,-7.86381],[112.11701,-7.86406],[112.11612,-7.8638],[112.11643,-7.86271],[112.11484,-7.86211],[112.11519,-7.86129],[112.11489,-7.86124],[112.11464,-7.86068],[112.11484,-7.8604],[112.11436,-7.85988],[112.1155,-7.85749],[112.11526,-7.85733],[112.11559,-7.85674],[112.11527,-7.85641],[112.11717,-7.85319],[112.11626,-7.85259],[112.1162,-7.85226],[112.11455,-7.85175],[112.11484,-7.84915],[112.11521,-7.8493],[112.11554,-7.84835],[112.11454,-7.84773],[112.1165,-7.84349],[112.11713,-7.84379],[112.11822,-7.84138],[112.11746,-7.841],[112.11737,-7.8399],[112.11645,-7.83874],[112.11596,-7.83863],[112.1155,-7.83775],[112.11461,-7.83785],[112.11227,-7.83699],[112.11187,-7.83624],[112.11208,-7.83586],[112.11265,-7.83619],[112.11281,-7.83588],[112.1126,-7.83563],[112.11318,-7.83458],[112.1128,-7.83443],[112.11372,-7.83245],[112.11766,-7.83413],[112.11789,-7.83358],[112.11729,-7.8332],[112.11751,-7.83269],[112.1153,-7.83169],[112.11579,-7.83045],[112.11613,-7.83036],[112.11629,-7.82894],[112.11658,-7.8289],[112.11616,-7.82822],[112.11623,-7.82685],[112.1171,-7.8233],[112.11825,-7.82373],[112.11853,-7.82303],[112.1182,-7.82292],[112.11836,-7.82238],[112.1203,-7.8172],[112.12101,-7.81616],[112.12145,-7.81286],[112.12251,-7.81321],[112.12376,-7.81419],[112.12517,-7.81449],[112.12849,-7.81797],[112.13004,-7.82021],[112.13191,-7.82068],[112.13193,-7.8214],[112.13357,-7.82201],[112.12824,-7.825],[112.12946,-7.82547],[112.13129,-7.82535],[112.13206,-7.82593],[112.13544,-7.82619],[112.13617,-7.82753],[112.13837,-7.82785],[112.14412,-7.83115],[112.14488,-7.83007],[112.14585,-7.82984],[112.14961,-7.83162],[112.15081,-7.82836],[112.15116,-7.82814],[112.15291,-7.82927],[112.15307,-7.82896],[112.15359,-7.82937],[112.1547,-7.83152],[112.15636,-7.83164],[112.15747,-7.83233],[112.15813,-7.83105],[112.15721,-7.83027],[112.15685,-7.82923],[112.15561,-7.8281],[112.15443,-7.82807],[112.1517,-7.82615],[112.15345,-7.82629],[112.1556,-7.8272],[112.15584,-7.82653],[112.15642,-7.82671],[112.15899,-7.82167],[112.15924,-7.82183],[112.16008,-7.82026],[112.16057,-7.82047],[112.16073,-7.82006],[112.16126,-7.8203],[112.16181,-7.81919],[112.1669,-7.82223],[112.16814,-7.82352],[112.17272,-7.82459],[112.17399,-7.8254],[112.17805,-7.82621],[112.18137,-7.83093],[112.18297,-7.83246],[112.18463,-7.83347],[112.18528,-7.83377],[112.18711,-7.83339],[112.1887,-7.83352],[112.19158,-7.83484],[112.19221,-7.83301],[112.19343,-7.83219],[112.19537,-7.83311],[112.19577,-7.8314],[112.19559,-7.83109],[112.1919,-7.82778],[112.1928,-7.82651],[112.19585,-7.82906],[112.19749,-7.8242],[112.19665,-7.8231],[112.19694,-7.82233],[112.19873,-7.82321],[112.19917,-7.8251],[112.20023,-7.82461],[112.2014,-7.82524],[112.20269,-7.82746],[112.20355,-7.82482],[112.20589,-7.82571],[112.20688,-7.82818],[112.21277,-7.82326],[112.21208,-7.82624],[112.209,-7.83536],[112.20914,-7.83654],[112.21205,-7.83778],[112.21046,-7.84311],[112.21434,-7.84484],[112.21332,-7.84736],[112.21552,-7.84821],[112.21412,-7.85157],[112.21242,-7.85203],[112.21115,-7.85295],[112.20981,-7.8556],[112.21063,-7.85646],[112.21011,-7.85779],[112.21491,-7.862],[112.21693,-7.86309],[112.21986,-7.86677],[112.22165,-7.86787],[112.22642,-7.87369],[112.22836,-7.87433],[112.22918,-7.87512],[112.23025,-7.87729],[112.23143,-7.87676],[112.23375,-7.87826],[112.23896,-7.88382],[112.23953,-7.88492],[112.24069,-7.88599],[112.24099,-7.88691],[112.24565,-7.89103],[112.24939,-7.89383],[112.24993,-7.89472],[112.24993,-7.89609],[112.2507,-7.89692],[112.25221,-7.89966],[112.25594,-7.90178],[112.25886,-7.90428],[112.26076,-7.9049],[112.2622,-7.90828],[112.26437,-7.90877],[112.26582,-7.90966],[112.26706,-7.91224],[112.26674,-7.91292],[112.26768,-7.91323],[112.26788,-7.91372],[112.26831,-7.9176],[112.26917,-7.91913],[112.27331,-7.92045],[112.27587,-7.92025],[112.27627,-7.92101],[112.27697,-7.92116],[112.27729,-7.92169],[112.27783,-7.92187],[112.27823,-7.92294],[112.28016,-7.92324],[112.28138,-7.92487],[112.285,-7.92371],[112.28581,-7.92463],[112.287,-7.92496],[112.28759,-7.92576],[112.28814,-7.92583],[112.28882,-7.92529],[112.28957,-7.92543],[112.29051,-7.92655],[112.29193,-7.92741],[112.29217,-7.92798],[112.29321,-7.92851],[112.29404,-7.92957],[112.29741,-7.93087],[112.29914,-7.93097],[112.30266,-7.93295],[112.30283,-7.93335],[112.29939,-7.93347],[112.29606,-7.93272],[112.29503,-7.93319],[112.29396,-7.93295],[112.29121,-7.93106],[112.28949,-7.93175],[112.28767,-7.93175],[112.2871,-7.93244],[112.28695,-7.93331],[112.28641,-7.93353],[112.28312,-7.9331],[112.28137,-7.93254],[112.28007,-7.93172],[112.27556,-7.93209],[112.27225,-7.93293],[112.27,-7.93266],[112.26933,-7.93291],[112.26699,-7.93123],[112.26591,-7.93143],[112.26474,-7.93048],[112.2625,-7.92961],[112.26142,-7.92831],[112.25908,-7.92814],[112.25605,-7.92717],[112.25508,-7.9254],[112.25462,-7.92598],[112.25239,-7.92623],[112.25196,-7.92508],[112.25083,-7.92438],[112.24844,-7.92461],[112.24802,-7.92412],[112.24668,-7.92371],[112.24421,-7.9247],[112.24363,-7.92455],[112.24292,-7.92416],[112.24184,-7.92256],[112.24105,-7.9223],[112.23995,-7.92103],[112.2391,-7.91899],[112.23817,-7.91875],[112.23709,-7.91899],[112.23597,-7.91867],[112.2346,-7.91902],[112.23407,-7.91887],[112.23305,-7.91645],[112.23174,-7.91692],[112.23103,-7.91608],[112.23055,-7.91602],[112.23039,-7.91884],[112.23004,-7.91892],[112.22477,-7.91674],[112.22284,-7.91664],[112.22241,-7.91599],[112.22143,-7.91557],[112.22031,-7.91563],[112.21793,-7.91296],[112.21682,-7.91268],[112.21565,-7.91289],[112.2119,-7.91139],[112.21116,-7.91175],[112.21059,-7.91103],[112.20774,-7.90991],[112.20801,-7.90428],[112.20677,-7.90446],[112.20498,-7.90394],[112.20119,-7.90383],[112.2002,-7.90285],[112.19544,-7.90278],[112.19678,-7.90351],[112.19622,-7.90584],[112.19548,-7.9058],[112.19306,-7.9039],[112.19093,-7.90297],[112.18879,-7.90258],[112.18717,-7.90185],[112.18435,-7.9018],[112.17889,-7.9031],[112.17807,-7.90509],[112.17607,-7.90695],[112.17498,-7.90924],[112.16025,-7.90036],[112.15976,-7.89983],[112.15992,-7.89601],[112.15405,-7.89476],[112.15287,-7.89415],[112.15277,-7.89373],[112.14892,-7.89179],[112.14855,-7.89073],[112.14887,-7.89065],[112.14902,-7.88962],[112.14867,-7.88873],[112.14606,-7.88701],[112.14602,-7.88646],[112.14232,-7.8841],[112.14114,-7.8826],[112.14113,-7.88204],[112.13863,-7.88066],[112.13815,-7.88167],[112.13615,-7.88059],[112.13456,-7.88376],[112.13257,-7.88279],[112.13235,-7.88402],[112.13323,-7.88469],[112.13265,-7.88525],[112.13163,-7.88511],[112.12972,-7.88414],[112.12856,-7.88323],[112.12761,-7.8829],[112.12661,-7.88164],[112.12534,-7.8811],[112.12448,-7.881],[112.1242,-7.88149],[112.122,-7.88273]]]}},{"type":"Feature","properties":{"kode":"35.06.10","nama":"Gurah"},"geometry":{"type":"Polygon","coordinates":[[[112.10672,-7.87707],[112.10723,-7.87727],[112.107,-7.87772],[112.10582,-7.87701],[112.10475,-7.87832],[112.10426,-7.87817],[112.10411,-7.87888],[112.10346,-7.87892],[112.10338,-7.87917],[112.09967,-7.87795],[112.09878,-7.87754],[112.0989,-7.87705],[112.0958,-7.87532],[112.09479,-7.87424],[112.09489,-7.87385],[112.09433,-7.87295],[112.09472,-7.87234],[112.09321,-7.87156],[112.09436,-7.8689],[112.09493,-7.8691],[112.09524,-7.86832],[112.09579,-7.86852],[112.09637,-7.86727],[112.09568,-7.86647],[112.09588,-7.86546],[112.09721,-7.86391],[112.09901,-7.86063],[112.09948,-7.85832],[112.10102,-7.85459],[112.09821,-7.85345],[112.08331,-7.84883],[112.08303,-7.84536],[112.08211,-7.84432],[112.08241,-7.84309],[112.08115,-7.84262],[112.07954,-7.84278],[112.07926,-7.84243],[112.07853,-7.84234],[112.07844,-7.8405],[112.07813,-7.84018],[112.07706,-7.84001],[112.07712,-7.83858],[112.0767,-7.83842],[112.07678,-7.83788],[112.07572,-7.83742],[112.07699,-7.83355],[112.07653,-7.83301],[112.07695,-7.83219],[112.07572,-7.83192],[112.07475,-7.83228],[112.07427,-7.83209],[112.07173,-7.83045],[112.07136,-7.82957],[112.06858,-7.82838],[112.06918,-7.82681],[112.07013,-7.8272],[112.07068,-7.82512],[112.06852,-7.8242],[112.06913,-7.8231],[112.06612,-7.82174],[112.06578,-7.82379],[112.06402,-7.82292],[112.06272,-7.82282],[112.06149,-7.82213],[112.06344,-7.81792],[112.07259,-7.81436],[112.07287,-7.81134],[112.07248,-7.81117],[112.07324,-7.80993],[112.07291,-7.80984],[112.07315,-7.80919],[112.07409,-7.81023],[112.07702,-7.81161],[112.07752,-7.81235],[112.0796,-7.81156],[112.08213,-7.80673],[112.08289,-7.80678],[112.08308,-7.80508],[112.08368,-7.80441],[112.08476,-7.8048],[112.0863,-7.80485],[112.08764,-7.80577],[112.08845,-7.8058],[112.08926,-7.80468],[112.08887,-7.80387],[112.08904,-7.8034],[112.08938,-7.8035],[112.0903,-7.80139],[112.08992,-7.80033],[112.09011,-7.79905],[112.0894,-7.79842],[112.0899,-7.79614],[112.09057,-7.79637],[112.09135,-7.79457],[112.09031,-7.79423],[112.09125,-7.79192],[112.09076,-7.79168],[112.09114,-7.79076],[112.09375,-7.79209],[112.09962,-7.79428],[112.10261,-7.78913],[112.10481,-7.79002],[112.10514,-7.79063],[112.10684,-7.79146],[112.10812,-7.78855],[112.10813,-7.78806],[112.10782,-7.78786],[112.1086,-7.78568],[112.10722,-7.78477],[112.10739,-7.78351],[112.10665,-7.78293],[112.10638,-7.78228],[112.10708,-7.77688],[112.1081,-7.7744],[112.10814,-7.77317],[112.10861,-7.77262],[112.10867,-7.77155],[112.10794,-7.77105],[112.10823,-7.76887],[112.11658,-7.77048],[112.11699,-7.7698],[112.11781,-7.77005],[112.11882,-7.76596],[112.1213,-7.76621],[112.12289,-7.76674],[112.12595,-7.76847],[112.1292,-7.76936],[112.12741,-7.77318],[112.12759,-7.77357],[112.12923,-7.77433],[112.13053,-7.77678],[112.12903,-7.77904],[112.1317,-7.78069],[112.13511,-7.78189],[112.13812,-7.78369],[112.13941,-7.7853],[112.13888,-7.78627],[112.14319,-7.78824],[112.14347,-7.78757],[112.14405,-7.78779],[112.14445,-7.78644],[112.14573,-7.78707],[112.14551,-7.7873],[112.14642,-7.78793],[112.14668,-7.78851],[112.14785,-7.78917],[112.14951,-7.78981],[112.15002,-7.78891],[112.15103,-7.78992],[112.15084,-7.7903],[112.15163,-7.79112],[112.14998,-7.79453],[112.15043,-7.79481],[112.15091,-7.79384],[112.15229,-7.79516],[112.15129,-7.7977],[112.15041,-7.79788],[112.14612,-7.81124],[112.14663,-7.81361],[112.14884,-7.81788],[112.15046,-7.82221],[112.15138,-7.82593],[112.15443,-7.82807],[112.15582,-7.82828],[112.15685,-7.82923],[112.15721,-7.83027],[112.15813,-7.83105],[112.15812,-7.83137],[112.15747,-7.83233],[112.15636,-7.83164],[112.1547,-7.83152],[112.15359,-7.82937],[112.15307,-7.82896],[112.15291,-7.82927],[112.15116,-7.82814],[112.15081,-7.82836],[112.14961,-7.83162],[112.14585,-7.82984],[112.14488,-7.83007],[112.14412,-7.83115],[112.13837,-7.82785],[112.13617,-7.82753],[112.13544,-7.82619],[112.13206,-7.82593],[112.13077,-7.82528],[112.12876,-7.82527],[112.12824,-7.825],[112.13357,-7.82201],[112.13193,-7.8214],[112.13191,-7.82068],[112.13004,-7.82021],[112.12849,-7.81797],[112.12517,-7.81449],[112.12376,-7.81419],[112.12251,-7.81321],[112.12145,-7.81286],[112.12101,-7.81616],[112.1203,-7.8172],[112.11836,-7.82238],[112.1182,-7.82292],[112.11853,-7.82303],[112.11825,-7.82373],[112.1171,-7.8233],[112.11623,-7.82685],[112.11616,-7.82822],[112.11658,-7.8289],[112.11629,-7.82894],[112.11613,-7.83036],[112.11579,-7.83045],[112.1153,-7.83169],[112.11751,-7.83269],[112.11729,-7.8332],[112.11789,-7.83358],[112.11766,-7.83413],[112.11372,-7.83245],[112.1128,-7.83443],[112.11318,-7.83458],[112.1126,-7.83563],[112.11281,-7.83588],[112.11265,-7.83619],[112.11208,-7.83586],[112.11187,-7.83624],[112.11227,-7.83699],[112.11461,-7.83785],[112.1155,-7.83775],[112.11596,-7.83863],[112.11645,-7.83874],[112.11737,-7.8399],[112.11746,-7.841],[112.11822,-7.84138],[112.11713,-7.84379],[112.1165,-7.84349],[112.11454,-7.84773],[112.11554,-7.84835],[112.11521,-7.8493],[112.11484,-7.84915],[112.11455,-7.85175],[112.1162,-7.85226],[112.11626,-7.85259],[112.11717,-7.85319],[112.11527,-7.85641],[112.11559,-7.85674],[112.11526,-7.85733],[112.1155,-7.85749],[112.11436,-7.85988],[112.11484,-7.8604],[112.11464,-7.86068],[112.11489,-7.86124],[112.11519,-7.86129],[112.11484,-7.86211],[112.11643,-7.86271],[112.11612,-7.8638],[112.11701,-7.86406],[112.11711,-7.86381],[112.1183,-7.86415],[112.11913,-7.86286],[112.12079,-7.86384],[112.1203,-7.86461],[112.12161,-7.86576],[112.12077,-7.86859],[112.12003,-7.86819],[112.11873,-7.8681],[112.1185,-7.86878],[112.11824,-7.86877],[112.11734,-7.86824],[112.1164,-7.8682],[112.11488,-7.86918],[112.11366,-7.86952],[112.113,-7.87059],[112.11242,-7.87032],[112.11169,-7.87047],[112.11017,-7.87373],[112.10805,-7.87335],[112.10672,-7.87707]]]}},{"type":"Feature","properties":{"kode":"35.06.11","nama":"Pagu"},"geometry":{"type":"Polygon","coordinates":[[[112.0894,-7.79842],[112.09011,-7.79905],[112.08992,-7.80033],[112.0903,-7.80139],[112.08938,-7.8035],[112.08904,-7.8034],[112.08887,-7.80387],[112.08926,-7.80468],[112.08845,-7.8058],[112.08764,-7.80577],[112.0863,-7.80485],[112.08476,-7.8048],[112.08368,-7.80441],[112.08308,-7.80508],[112.08289,-7.80678],[112.08213,-7.80673],[112.0796,-7.81156],[112.07752,-7.81235],[112.07702,-7.81161],[112.07409,-7.81023],[112.0731,-7.80911],[112.07148,-7.80804],[112.07046,-7.80656],[112.06997,-7.8063],[112.06958,-7.80486],[112.06973,-7.80368],[112.07049,-7.80385],[112.07108,-7.8013],[112.06867,-7.79997],[112.0683,-7.80037],[112.06712,-7.80029],[112.06469,-7.79952],[112.06407,-7.79974],[112.0636,-7.79896],[112.06198,-7.79844],[112.06052,-7.79856],[112.05674,-7.79624],[112.05718,-7.79474],[112.05686,-7.79464],[112.05706,-7.79346],[112.05793,-7.7904],[112.0582,-7.78988],[112.05912,-7.79027],[112.06093,-7.78576],[112.05966,-7.78511],[112.05989,-7.78425],[112.05959,-7.78413],[112.06025,-7.78236],[112.05859,-7.78172],[112.05938,-7.77927],[112.05995,-7.77946],[112.06,-7.77842],[112.05948,-7.77801],[112.05966,-7.77727],[112.0582,-7.77619],[112.05879,-7.77527],[112.05869,-7.77499],[112.05744,-7.77426],[112.05797,-7.77261],[112.05699,-7.77183],[112.05676,-7.77125],[112.05719,-7.76958],[112.05646,-7.76668],[112.05665,-7.7663],[112.05588,-7.76586],[112.05608,-7.76497],[112.05754,-7.76127],[112.05906,-7.76103],[112.06172,-7.76168],[112.06107,-7.76043],[112.06162,-7.75865],[112.06287,-7.75884],[112.06379,-7.75649],[112.06438,-7.75679],[112.06528,-7.75602],[112.066,-7.75734],[112.06726,-7.75794],[112.06787,-7.75536],[112.0672,-7.75507],[112.06783,-7.752],[112.06846,-7.75073],[112.068,-7.7506],[112.06809,-7.75026],[112.06968,-7.75069],[112.06993,-7.75005],[112.0714,-7.75047],[112.07165,-7.74852],[112.07608,-7.74967],[112.08046,-7.75208],[112.08041,-7.75291],[112.08291,-7.75385],[112.08264,-7.75513],[112.08452,-7.75579],[112.0844,-7.75628],[112.085,-7.75679],[112.08522,-7.75683],[112.08545,-7.75618],[112.0856,-7.75494],[112.08718,-7.75577],[112.08936,-7.75635],[112.0889,-7.75817],[112.08985,-7.75855],[112.08975,-7.75885],[112.09021,-7.75911],[112.09077,-7.75903],[112.09046,-7.76037],[112.09105,-7.7617],[112.09297,-7.76034],[112.09483,-7.76117],[112.09438,-7.76227],[112.09604,-7.76313],[112.09597,-7.76349],[112.09623,-7.76356],[112.09669,-7.76235],[112.10031,-7.7645],[112.10097,-7.76304],[112.09886,-7.76196],[112.09912,-7.7613],[112.09864,-7.76022],[112.09907,-7.75911],[112.09927,-7.7587],[112.10122,-7.75942],[112.10208,-7.75725],[112.1029,-7.7575],[112.10273,-7.75728],[112.1035,-7.75649],[112.1039,-7.75683],[112.10421,-7.75869],[112.10484,-7.75915],[112.10463,-7.76009],[112.10499,-7.76029],[112.10453,-7.76131],[112.10588,-7.76181],[112.10594,-7.76223],[112.1104,-7.7638],[112.11116,-7.76326],[112.11184,-7.76349],[112.11242,-7.76371],[112.11233,-7.7641],[112.11292,-7.76484],[112.11703,-7.76558],[112.11716,-7.76526],[112.11882,-7.76596],[112.11781,-7.77005],[112.11699,-7.7698],[112.11663,-7.77047],[112.10818,-7.76896],[112.10794,-7.77105],[112.10867,-7.77155],[112.10861,-7.77262],[112.10814,-7.77317],[112.1081,-7.7744],[112.10708,-7.77688],[112.10646,-7.78022],[112.10639,-7.78248],[112.10739,-7.78351],[112.10722,-7.78477],[112.1086,-7.78568],[112.10782,-7.78786],[112.10813,-7.78806],[112.10812,-7.78855],[112.10684,-7.79146],[112.10514,-7.79063],[112.10481,-7.79002],[112.10261,-7.78913],[112.09962,-7.79428],[112.09375,-7.79209],[112.09114,-7.79076],[112.09076,-7.79168],[112.09125,-7.79192],[112.09031,-7.79423],[112.09135,-7.79457],[112.09057,-7.79637],[112.0899,-7.79614],[112.0894,-7.79842]]]}},{"type":"Feature","properties":{"kode":"35.06.12","nama":"Gampengrejo"},"geometry":{"type":"MultiPolygon","coordinates":[[[[112.01998,-7.7978],[112.02513,-7.79978],[112.02475,-7.80088],[112.0213,-7.79977],[112.02102,-7.80007],[112.01916,-7.80003],[112.0194,-7.79895],[112.01857,-7.79875],[112.01839,-7.79924],[112.0174,-7.79853],[112.01752,-7.79797],[112.0168,-7.79745],[112.01721,-7.7963],[112.01642,-7.79587],[112.01998,-7.7978]]],[[[112.01788,-7.78623],[112.01918,-7.78691],[112.01909,-7.78731],[112.01951,-7.78748],[112.01918,-7.7884],[112.01983,-7.78853],[112.01961,-7.78957],[112.0169,-7.78901],[112.01687,-7.78927],[112.01617,-7.78911],[112.01606,-7.78962],[112.01583,-7.78958],[112.01584,-7.79021],[112.01774,-7.79062],[112.01734,-7.79257],[112.01604,-7.79223],[112.01591,-7.79082],[112.01366,-7.79052],[112.01373,-7.79001],[112.01064,-7.78938],[112.01049,-7.79025],[112.00385,-7.78948],[112.0031,-7.78987],[112.00176,-7.7867],[112.00193,-7.78528],[112.00231,-7.78462],[112.00411,-7.78283],[112.00571,-7.78208],[112.00778,-7.78186],[112.01032,-7.78093],[112.01263,-7.77905],[112.02131,-7.77405],[112.0223,-7.77303],[112.0233,-7.77088],[112.02387,-7.76814],[112.02375,-7.76587],[112.02337,-7.76405],[112.02168,-7.76083],[112.0214,-7.75911],[112.02138,-7.74816],[112.02061,-7.74254],[112.02121,-7.74059],[112.02261,-7.73812],[112.02361,-7.7345],[112.02486,-7.73197],[112.02797,-7.73303],[112.02976,-7.73422],[112.03349,-7.73569],[112.03299,-7.73758],[112.03388,-7.73786],[112.03374,-7.73829],[112.03533,-7.73877],[112.035,-7.73986],[112.04038,-7.74219],[112.03713,-7.74508],[112.0403,-7.74675],[112.03996,-7.74808],[112.04199,-7.74873],[112.04183,-7.74981],[112.04273,-7.75014],[112.04321,-7.7498],[112.04375,-7.74771],[112.04329,-7.74679],[112.04369,-7.74652],[112.04347,-7.74566],[112.04378,-7.74539],[112.0443,-7.74565],[112.04489,-7.74527],[112.04584,-7.74587],[112.04875,-7.74654],[112.05113,-7.74766],[112.05172,-7.7484],[112.05169,-7.74911],[112.05282,-7.74984],[112.05485,-7.7503],[112.05535,-7.75089],[112.05513,-7.75178],[112.05533,-7.75223],[112.05488,-7.75248],[112.05441,-7.75484],[112.05533,-7.75528],[112.05486,-7.75801],[112.05541,-7.75849],[112.05513,-7.7592],[112.05649,-7.75964],[112.05618,-7.76084],[112.05754,-7.76127],[112.05588,-7.76586],[112.05665,-7.7663],[112.05646,-7.76668],[112.0572,-7.76966],[112.05679,-7.77135],[112.05797,-7.77267],[112.05744,-7.77426],[112.05661,-7.77403],[112.05591,-7.77557],[112.0551,-7.77527],[112.05426,-7.77679],[112.0532,-7.77645],[112.05036,-7.77459],[112.04978,-7.77466],[112.04798,-7.77402],[112.04864,-7.77182],[112.04834,-7.7711],[112.04742,-7.77091],[112.04783,-7.77079],[112.0482,-7.76912],[112.04683,-7.7683],[112.04747,-7.76661],[112.04672,-7.76635],[112.04583,-7.76793],[112.04376,-7.76683],[112.04298,-7.76934],[112.04231,-7.76891],[112.04205,-7.76958],[112.04231,-7.76966],[112.04192,-7.77296],[112.04226,-7.77331],[112.04167,-7.77521],[112.04037,-7.77474],[112.0395,-7.77756],[112.03994,-7.77798],[112.03887,-7.78179],[112.04034,-7.78227],[112.04026,-7.78263],[112.0406,-7.78273],[112.0398,-7.7848],[112.03957,-7.78472],[112.03867,-7.78764],[112.03646,-7.78631],[112.03413,-7.78569],[112.03392,-7.78603],[112.03437,-7.78646],[112.03392,-7.78752],[112.03098,-7.78682],[112.0285,-7.78563],[112.02842,-7.78586],[112.02753,-7.78542],[112.02737,-7.78596],[112.02612,-7.78556],[112.02625,-7.78499],[112.02558,-7.78481],[112.0254,-7.78534],[112.02461,-7.78511],[112.02484,-7.78422],[112.02301,-7.78355],[112.02287,-7.78316],[112.02191,-7.78462],[112.02118,-7.78457],[112.02096,-7.78503],[112.02015,-7.78493],[112.01965,-7.78453],[112.01902,-7.78552],[112.01862,-7.78545],[112.01852,-7.78591],[112.01788,-7.78623]]]]}},{"type":"Feature","properties":{"kode":"35.06.13","nama":"Grogol"},"geometry":{"type":"Polygon","coordinates":[[[111.94501,-7.76721],[111.94446,-7.76822],[111.94327,-7.76824],[111.94306,-7.76871],[111.94191,-7.76877],[111.94099,-7.76956],[111.94044,-7.76927],[111.93993,-7.76963],[111.93821,-7.7697],[111.93719,-7.7702],[111.93422,-7.77052],[111.92064,-7.7743],[111.91573,-7.77804],[111.91107,-7.78089],[111.90996,-7.78124],[111.90278,-7.78163],[111.88786,-7.77944],[111.8862,-7.77979],[111.8843,-7.77924],[111.88334,-7.7793],[111.88025,-7.78146],[111.87852,-7.78199],[111.87764,-7.78282],[111.87448,-7.7829],[111.87336,-7.78426],[111.87393,-7.78656],[111.8736,-7.78785],[111.87478,-7.78834],[111.87524,-7.78953],[111.87426,-7.79037],[111.87362,-7.79043],[111.87322,-7.79118],[111.87335,-7.79161],[111.87389,-7.79186],[111.87362,-7.79328],[111.8719,-7.79372],[111.87124,-7.79434],[111.87062,-7.79428],[111.8704,-7.79513],[111.86979,-7.79548],[111.86879,-7.79501],[111.86698,-7.79729],[111.86531,-7.79802],[111.86513,-7.79944],[111.86407,-7.7999],[111.86235,-7.79977],[111.8607,-7.79903],[111.85828,-7.80007],[111.85631,-7.80017],[111.8553,-7.79982],[111.85401,-7.80032],[111.85035,-7.80028],[111.84853,-7.80077],[111.84657,-7.79988],[111.84423,-7.80087],[111.84229,-7.80067],[111.8397,-7.79956],[111.83794,-7.79922],[111.83938,-7.79616],[111.84306,-7.79269],[111.8461,-7.79131],[111.84841,-7.78912],[111.85233,-7.78649],[111.85398,-7.78636],[111.85934,-7.7792],[111.86093,-7.77834],[111.86278,-7.77603],[111.86505,-7.77509],[111.86866,-7.77278],[111.87502,-7.76807],[111.87655,-7.766],[111.87853,-7.76551],[111.88026,-7.76651],[111.88165,-7.76831],[111.88292,-7.77084],[111.88353,-7.77089],[111.88397,-7.77061],[111.8863,-7.77056],[111.88722,-7.76998],[111.88762,-7.77033],[111.88829,-7.76991],[111.88948,-7.77011],[111.89051,-7.7693],[111.89194,-7.76891],[111.89256,-7.76913],[111.89384,-7.76885],[111.89414,-7.76913],[111.89713,-7.76874],[111.90146,-7.76704],[111.90327,-7.7657],[111.90381,-7.76492],[111.90501,-7.76519],[111.90806,-7.76421],[111.9164,-7.76401],[111.92104,-7.76342],[111.92186,-7.76266],[111.92332,-7.76218],[111.92708,-7.76255],[111.92907,-7.76125],[111.92983,-7.76014],[111.93354,-7.75946],[111.93369,-7.75891],[111.93447,-7.75849],[111.93496,-7.75772],[111.93586,-7.75738],[111.93675,-7.75615],[111.93714,-7.75616],[111.93786,-7.75529],[111.94031,-7.75418],[111.94078,-7.75434],[111.94184,-7.7539],[111.94442,-7.75195],[111.9455,-7.75193],[111.94705,-7.75058],[111.94859,-7.74853],[111.94914,-7.7484],[111.95058,-7.74694],[111.95237,-7.74589],[111.95275,-7.74518],[111.95523,-7.7452],[111.95596,-7.74622],[111.95704,-7.74669],[111.95836,-7.74248],[111.95545,-7.73688],[111.95571,-7.73657],[111.95643,-7.7366],[111.95633,-7.735],[111.95675,-7.73456],[111.95727,-7.73468],[111.95749,-7.73375],[111.95846,-7.73398],[111.95906,-7.73299],[111.95955,-7.73301],[111.96034,-7.73119],[111.9613,-7.73145],[111.96155,-7.7305],[111.96201,-7.73052],[111.96258,-7.72937],[111.96422,-7.72955],[111.96422,-7.72908],[111.9649,-7.72915],[111.965,-7.72808],[111.9658,-7.72822],[111.966,-7.72741],[111.96579,-7.72716],[111.96658,-7.7248],[111.96645,-7.72365],[111.96812,-7.72383],[111.96865,-7.71791],[111.96857,-7.71568],[111.96936,-7.71581],[111.96971,-7.71304],[111.97156,-7.71333],[111.97195,-7.71264],[111.97264,-7.71257],[111.97294,-7.71127],[111.9726,-7.71117],[111.97271,-7.71053],[111.9731,-7.71054],[111.97311,-7.71015],[111.97678,-7.71035],[111.97877,-7.71082],[111.97898,-7.71031],[111.97996,-7.71052],[111.98146,-7.71147],[111.98244,-7.71152],[111.98245,-7.71127],[111.98559,-7.71648],[111.98697,-7.72101],[111.98825,-7.7238],[111.98947,-7.72466],[111.99056,-7.72605],[111.99315,-7.72724],[111.99305,-7.728],[111.99332,-7.72838],[111.99724,-7.72899],[111.99756,-7.7293],[111.9981,-7.73066],[111.99811,-7.7331],[111.99838,-7.73393],[111.99789,-7.73517],[111.99844,-7.7355],[111.99867,-7.73629],[111.99805,-7.73738],[111.99866,-7.73814],[111.99881,-7.7411],[111.99928,-7.74174],[111.99868,-7.74211],[111.99824,-7.74292],[111.99889,-7.74361],[112.00118,-7.7445],[112.00131,-7.7472],[112.00181,-7.74774],[112.00179,-7.7486],[112.00252,-7.74964],[112.00199,-7.75073],[112.00223,-7.75226],[111.99983,-7.75138],[111.99955,-7.75216],[111.99679,-7.75137],[111.99629,-7.7532],[111.99609,-7.75309],[111.99598,-7.75352],[111.9951,-7.75305],[111.99457,-7.75386],[111.99433,-7.75376],[111.99462,-7.75271],[111.99343,-7.75225],[111.99022,-7.75182],[111.98999,-7.75248],[111.98951,-7.75242],[111.98948,-7.75169],[111.98922,-7.75163],[111.9894,-7.75036],[111.98786,-7.7498],[111.98724,-7.74986],[111.98698,-7.75036],[111.98592,-7.75014],[111.98569,-7.7508],[111.98519,-7.75074],[111.98494,-7.75021],[111.9842,-7.75027],[111.984,-7.75202],[111.98318,-7.75222],[111.98328,-7.7568],[111.98352,-7.75741],[111.98471,-7.757],[111.98475,-7.75746],[111.9842,-7.76025],[111.98373,-7.76017],[111.98355,-7.76089],[111.98186,-7.76071],[111.98186,-7.7616],[111.98394,-7.76204],[111.98525,-7.7618],[111.98708,-7.76218],[111.98705,-7.76284],[111.9893,-7.76293],[111.9892,-7.76369],[111.99005,-7.76462],[111.99238,-7.76495],[111.9926,-7.76468],[111.9932,-7.76482],[111.99398,-7.7624],[111.99698,-7.76355],[111.99657,-7.76467],[111.99611,-7.7645],[111.99601,-7.76483],[111.99648,-7.76498],[111.99621,-7.7658],[111.99503,-7.76554],[111.99466,-7.76639],[111.99455,-7.76686],[111.99547,-7.76717],[111.99438,-7.77017],[111.99385,-7.77026],[111.99302,-7.77149],[111.99169,-7.77206],[111.98966,-7.77145],[111.98955,-7.77106],[111.98875,-7.77058],[111.98663,-7.77038],[111.98525,-7.76982],[111.98472,-7.77001],[111.98277,-7.76924],[111.98162,-7.76918],[111.97556,-7.75699],[111.97404,-7.75754],[111.97357,-7.75629],[111.96853,-7.75493],[111.96869,-7.75426],[111.96739,-7.75409],[111.9671,-7.75483],[111.96767,-7.75471],[111.9679,-7.75546],[111.96444,-7.75942],[111.96373,-7.76144],[111.9641,-7.76154],[111.9639,-7.7621],[111.96221,-7.7612],[111.96064,-7.76092],[111.9596,-7.76135],[111.95888,-7.76212],[111.95822,-7.76356],[111.95726,-7.76377],[111.95721,-7.76408],[111.95589,-7.76472],[111.9551,-7.76575],[111.95312,-7.76546],[111.95208,-7.76581],[111.94995,-7.76505],[111.9491,-7.76549],[111.94851,-7.76528],[111.94766,-7.76616],[111.94501,-7.76721]]]}},{"type":"Feature","properties":{"kode":"35.06.14","nama":"Papar"},"geometry":{"type":"Polygon","coordinates":[[[112.0528,-7.7273],[112.05137,-7.72894],[112.05112,-7.72994],[112.05132,-7.73058],[112.05077,-7.731],[112.05023,-7.73289],[112.04945,-7.73234],[112.04852,-7.73386],[112.04884,-7.73408],[112.04844,-7.73477],[112.04746,-7.73505],[112.0481,-7.73539],[112.04835,-7.73601],[112.04618,-7.73809],[112.04552,-7.73766],[112.04038,-7.74219],[112.035,-7.73986],[112.03533,-7.73877],[112.03374,-7.73829],[112.03388,-7.73786],[112.03299,-7.73758],[112.03349,-7.73569],[112.02976,-7.73422],[112.02797,-7.73303],[112.02486,-7.73197],[112.02589,-7.72987],[112.02639,-7.72677],[112.02722,-7.72569],[112.02811,-7.72531],[112.03192,-7.72637],[112.03752,-7.72459],[112.04476,-7.72457],[112.04814,-7.72627],[112.05043,-7.72614],[112.05513,-7.72397],[112.05907,-7.72352],[112.06167,-7.7218],[112.06338,-7.7192],[112.06394,-7.71502],[112.06578,-7.71166],[112.06768,-7.70969],[112.07509,-7.7036],[112.07631,-7.7015],[112.07643,-7.69858],[112.07514,-7.69307],[112.07514,-7.69187],[112.07615,-7.68902],[112.07656,-7.68535],[112.07587,-7.67876],[112.07739,-7.67603],[112.07859,-7.67489],[112.08209,-7.67374],[112.08278,-7.67291],[112.08316,-7.67126],[112.08195,-7.66778],[112.08201,-7.66696],[112.08278,-7.66575],[112.0864,-7.66725],[112.08616,-7.66786],[112.08826,-7.6687],[112.0886,-7.66821],[112.08949,-7.66816],[112.09131,-7.66861],[112.0917,-7.66765],[112.09362,-7.66845],[112.09385,-7.66791],[112.09412,-7.66802],[112.09454,-7.66753],[112.09498,-7.66768],[112.09547,-7.66914],[112.09411,-7.66985],[112.09373,-7.67137],[112.09399,-7.67297],[112.0955,-7.67368],[112.09492,-7.67441],[112.09491,-7.67583],[112.09443,-7.67629],[112.09947,-7.67808],[112.09983,-7.67767],[112.10019,-7.67783],[112.09999,-7.67823],[112.10034,-7.67839],[112.10022,-7.67861],[112.10306,-7.68047],[112.10347,-7.67972],[112.10448,-7.67948],[112.10496,-7.67818],[112.1067,-7.6789],[112.10764,-7.67637],[112.11058,-7.67762],[112.1132,-7.66928],[112.11332,-7.66807],[112.11451,-7.66529],[112.11869,-7.66757],[112.11877,-7.66939],[112.11831,-7.67059],[112.11908,-7.67053],[112.11972,-7.6717],[112.12087,-7.6719],[112.12047,-7.67363],[112.12167,-7.67412],[112.12042,-7.67377],[112.11858,-7.67984],[112.1189,-7.6799],[112.11921,-7.67888],[112.12134,-7.67954],[112.1214,-7.67849],[112.12464,-7.68004],[112.12515,-7.67906],[112.1249,-7.67875],[112.12567,-7.67868],[112.12599,-7.6799],[112.12725,-7.68038],[112.12738,-7.68156],[112.12817,-7.68187],[112.12868,-7.68437],[112.12936,-7.68467],[112.1292,-7.68539],[112.1284,-7.68539],[112.12838,-7.68584],[112.12664,-7.6852],[112.12608,-7.6881],[112.12569,-7.68853],[112.12644,-7.68869],[112.12612,-7.69038],[112.12977,-7.69146],[112.12899,-7.69463],[112.12842,-7.69446],[112.12726,-7.69862],[112.12741,-7.69903],[112.12574,-7.69863],[112.12525,-7.70064],[112.12383,-7.70042],[112.12305,-7.70408],[112.12388,-7.70452],[112.12372,-7.70502],[112.12407,-7.70515],[112.12425,-7.70578],[112.12465,-7.70584],[112.12413,-7.70821],[112.12263,-7.70784],[112.12238,-7.70925],[112.12134,-7.70892],[112.11726,-7.72111],[112.11775,-7.72146],[112.11744,-7.72219],[112.11227,-7.72061],[112.11198,-7.72138],[112.11159,-7.72122],[112.11136,-7.7218],[112.1095,-7.72116],[112.1092,-7.72198],[112.10826,-7.72155],[112.10789,-7.72237],[112.10679,-7.72195],[112.10608,-7.7237],[112.10553,-7.72349],[112.10534,-7.72377],[112.10447,-7.72339],[112.10482,-7.7223],[112.10405,-7.72228],[112.10487,-7.72006],[112.10444,-7.71983],[112.10462,-7.71936],[112.10428,-7.71921],[112.10404,-7.71961],[112.1033,-7.71928],[112.10445,-7.71691],[112.1025,-7.71617],[112.10275,-7.71514],[112.09933,-7.71377],[112.09863,-7.71539],[112.09663,-7.71477],[112.0962,-7.71616],[112.09749,-7.71863],[112.09845,-7.72002],[112.1,-7.72103],[112.09992,-7.72133],[112.10041,-7.72174],[112.1,-7.72274],[112.09859,-7.72201],[112.09826,-7.72282],[112.09709,-7.72229],[112.09667,-7.7234],[112.09589,-7.72321],[112.09552,-7.72457],[112.09475,-7.72435],[112.09433,-7.7261],[112.09344,-7.7259],[112.09304,-7.72758],[112.09612,-7.72843],[112.09562,-7.72997],[112.09688,-7.7303],[112.09672,-7.73157],[112.09614,-7.73149],[112.09579,-7.73269],[112.09461,-7.73249],[112.09433,-7.73352],[112.09015,-7.73251],[112.09031,-7.73179],[112.08781,-7.73124],[112.08676,-7.73104],[112.08644,-7.7321],[112.08593,-7.73193],[112.08502,-7.73485],[112.08488,-7.73563],[112.08523,-7.73579],[112.08465,-7.73771],[112.08567,-7.73807],[112.08506,-7.73995],[112.08582,-7.74037],[112.08516,-7.74419],[112.08059,-7.74245],[112.07987,-7.74168],[112.07834,-7.74121],[112.07924,-7.73817],[112.07896,-7.73809],[112.07844,-7.7362],[112.07867,-7.735],[112.07765,-7.73468],[112.07785,-7.73387],[112.07567,-7.73312],[112.07602,-7.73187],[112.06967,-7.72991],[112.0685,-7.73349],[112.06786,-7.73321],[112.06742,-7.73427],[112.06794,-7.73447],[112.06732,-7.73549],[112.06085,-7.73265],[112.05884,-7.73149],[112.05741,-7.72985],[112.05617,-7.72947],[112.05581,-7.72971],[112.05515,-7.72919],[112.05624,-7.72823],[112.05604,-7.72801],[112.05428,-7.72764],[112.0541,-7.72803],[112.05317,-7.7277],[112.05324,-7.72719],[112.0528,-7.7273]]]}},{"type":"Feature","properties":{"kode":"35.06.15","nama":"Purwoasri"},"geometry":{"type":"Polygon","coordinates":[[[112.11332,-7.66807],[112.1132,-7.66928],[112.11058,-7.67762],[112.10764,-7.67637],[112.1067,-7.6789],[112.10496,-7.67818],[112.10448,-7.67948],[112.10347,-7.67972],[112.10306,-7.68047],[112.10022,-7.67861],[112.10034,-7.67839],[112.09999,-7.67823],[112.10019,-7.67783],[112.09983,-7.67767],[112.09947,-7.67808],[112.09443,-7.67629],[112.09491,-7.67583],[112.09492,-7.67441],[112.0955,-7.67368],[112.09399,-7.67297],[112.09373,-7.67137],[112.09411,-7.66985],[112.09547,-7.66914],[112.09498,-7.66768],[112.09454,-7.66753],[112.09412,-7.66802],[112.09385,-7.66791],[112.09362,-7.66845],[112.0917,-7.66765],[112.09131,-7.66861],[112.08949,-7.66816],[112.0886,-7.66821],[112.08826,-7.6687],[112.08616,-7.66786],[112.0864,-7.66725],[112.08278,-7.66575],[112.08441,-7.66322],[112.0846,-7.66017],[112.08548,-7.65815],[112.09029,-7.65566],[112.09175,-7.64958],[112.09385,-7.64786],[112.09683,-7.64652],[112.09835,-7.64411],[112.09821,-7.63974],[112.10119,-7.63517],[112.10131,-7.63435],[112.1008,-7.6315],[112.10085,-7.62833],[112.10205,-7.62497],[112.1022,-7.62118],[112.10365,-7.61683],[112.10389,-7.61435],[112.10295,-7.61086],[112.10309,-7.60947],[112.10458,-7.60736],[112.10812,-7.60515],[112.10909,-7.6039],[112.10963,-7.60087],[112.10908,-7.59862],[112.10922,-7.59667],[112.10954,-7.59512],[112.11048,-7.59315],[112.11171,-7.59373],[112.11243,-7.59536],[112.11339,-7.59632],[112.11397,-7.5987],[112.1147,-7.59908],[112.11703,-7.6024],[112.11658,-7.60294],[112.11661,-7.60372],[112.11736,-7.60393],[112.11763,-7.60344],[112.11886,-7.60487],[112.1215,-7.60674],[112.12255,-7.60701],[112.12317,-7.606],[112.12734,-7.60675],[112.12994,-7.60792],[112.13038,-7.60829],[112.13021,-7.60863],[112.13063,-7.6085],[112.13334,-7.61008],[112.13357,-7.60989],[112.13533,-7.61032],[112.13592,-7.61091],[112.13918,-7.61163],[112.13973,-7.60971],[112.14242,-7.60975],[112.14839,-7.61115],[112.14971,-7.61024],[112.15264,-7.61037],[112.15281,-7.61101],[112.1581,-7.61259],[112.1587,-7.61127],[112.16071,-7.61193],[112.16307,-7.61206],[112.16499,-7.61272],[112.16907,-7.61696],[112.17123,-7.61867],[112.17121,-7.62152],[112.17155,-7.62226],[112.17304,-7.62349],[112.17652,-7.62504],[112.17757,-7.62726],[112.17883,-7.62794],[112.18021,-7.63064],[112.18241,-7.63231],[112.18344,-7.63399],[112.18315,-7.63443],[112.18227,-7.6334],[112.17995,-7.63244],[112.17974,-7.63264],[112.1776,-7.63111],[112.17751,-7.63131],[112.17523,-7.63047],[112.17525,-7.62966],[112.17316,-7.62843],[112.17202,-7.63087],[112.17112,-7.63054],[112.1707,-7.63155],[112.16987,-7.63129],[112.16953,-7.63193],[112.16865,-7.63214],[112.16839,-7.63274],[112.16785,-7.63251],[112.16725,-7.63395],[112.16595,-7.63359],[112.16568,-7.63435],[112.16391,-7.63343],[112.16222,-7.63711],[112.16102,-7.64092],[112.16355,-7.64174],[112.16242,-7.64436],[112.1652,-7.64531],[112.16456,-7.64775],[112.16357,-7.64747],[112.16366,-7.64832],[112.16335,-7.64823],[112.16302,-7.64889],[112.16252,-7.64874],[112.16176,-7.64904],[112.16096,-7.65019],[112.16005,-7.6498],[112.16051,-7.64876],[112.15861,-7.64806],[112.15766,-7.65013],[112.1565,-7.64947],[112.15651,-7.64895],[112.15582,-7.64806],[112.15477,-7.6486],[112.15201,-7.64788],[112.15221,-7.64692],[112.15173,-7.64646],[112.15183,-7.64516],[112.15293,-7.64187],[112.15088,-7.64125],[112.15134,-7.63944],[112.14885,-7.63762],[112.14853,-7.63704],[112.1473,-7.63635],[112.14698,-7.63703],[112.14653,-7.63687],[112.14613,-7.63716],[112.14495,-7.63933],[112.14557,-7.63981],[112.14404,-7.64401],[112.14136,-7.64309],[112.13944,-7.64864],[112.14176,-7.64971],[112.14159,-7.6503],[112.14234,-7.65077],[112.14217,-7.65129],[112.14295,-7.65155],[112.14291,-7.65273],[112.14104,-7.65853],[112.14131,-7.65871],[112.14077,-7.66049],[112.141,-7.66205],[112.14149,-7.66211],[112.14142,-7.66265],[112.14516,-7.66265],[112.14329,-7.6687],[112.14155,-7.6682],[112.14128,-7.66873],[112.13791,-7.66759],[112.13821,-7.66615],[112.13744,-7.66646],[112.13792,-7.66469],[112.13632,-7.66428],[112.1357,-7.66302],[112.13378,-7.66408],[112.1326,-7.66678],[112.13189,-7.66685],[112.12516,-7.66403],[112.12432,-7.6661],[112.12118,-7.66486],[112.1206,-7.66649],[112.11958,-7.66606],[112.11891,-7.66764],[112.11451,-7.66529],[112.11332,-7.66807]]]}},{"type":"Feature","properties":{"kode":"35.06.16","nama":"Plemahan"},"geometry":{"type":"Polygon","coordinates":[[[112.14777,-7.73526],[112.14439,-7.73499],[112.13457,-7.73166],[112.13356,-7.73448],[112.13385,-7.73458],[112.13361,-7.73521],[112.13464,-7.73565],[112.13405,-7.73692],[112.13299,-7.73657],[112.13326,-7.73701],[112.13286,-7.73793],[112.13161,-7.73726],[112.13219,-7.73583],[112.13162,-7.73552],[112.13231,-7.73402],[112.13179,-7.7337],[112.132,-7.7319],[112.13252,-7.73199],[112.13261,-7.73138],[112.13293,-7.73141],[112.13302,-7.73105],[112.13351,-7.73119],[112.13429,-7.72749],[112.1359,-7.7226],[112.13155,-7.72188],[112.13159,-7.72356],[112.13016,-7.72322],[112.12979,-7.72421],[112.12826,-7.72375],[112.12792,-7.72415],[112.12374,-7.72247],[112.12344,-7.72296],[112.12205,-7.72219],[112.12179,-7.72285],[112.12138,-7.72273],[112.12118,-7.72325],[112.12083,-7.72316],[112.12046,-7.72258],[112.11726,-7.72111],[112.12134,-7.70892],[112.12238,-7.70925],[112.12263,-7.70784],[112.12413,-7.70821],[112.12465,-7.70584],[112.12425,-7.70578],[112.12407,-7.70515],[112.12372,-7.70502],[112.12388,-7.70452],[112.12305,-7.70408],[112.12383,-7.70042],[112.12525,-7.70064],[112.12574,-7.69863],[112.12741,-7.69903],[112.12726,-7.69862],[112.12842,-7.69446],[112.12899,-7.69463],[112.12977,-7.69146],[112.12612,-7.69038],[112.12644,-7.68869],[112.12569,-7.68853],[112.12608,-7.6881],[112.12664,-7.6852],[112.12838,-7.68584],[112.1284,-7.68539],[112.1292,-7.68539],[112.12936,-7.68467],[112.12868,-7.68437],[112.12817,-7.68187],[112.12738,-7.68156],[112.12725,-7.68038],[112.12599,-7.6799],[112.12567,-7.67868],[112.1249,-7.67875],[112.12515,-7.67906],[112.12464,-7.68004],[112.1214,-7.67849],[112.12134,-7.67954],[112.11921,-7.67888],[112.1189,-7.6799],[112.11858,-7.67984],[112.12042,-7.67377],[112.12167,-7.67412],[112.12047,-7.67363],[112.12087,-7.6719],[112.11972,-7.6717],[112.11908,-7.67053],[112.11831,-7.67059],[112.11877,-7.66939],[112.11869,-7.66757],[112.11891,-7.66764],[112.11958,-7.66606],[112.1206,-7.66649],[112.12118,-7.66486],[112.12432,-7.6661],[112.12516,-7.66403],[112.13189,-7.66685],[112.1326,-7.66678],[112.13378,-7.66408],[112.1357,-7.66302],[112.13632,-7.66428],[112.13792,-7.66469],[112.13744,-7.66646],[112.13821,-7.66615],[112.13791,-7.66759],[112.14128,-7.66873],[112.14155,-7.6682],[112.14329,-7.6687],[112.14424,-7.66641],[112.14882,-7.66811],[112.14925,-7.66723],[112.15275,-7.66843],[112.15246,-7.66926],[112.15347,-7.66961],[112.15318,-7.67047],[112.15756,-7.67167],[112.15792,-7.67009],[112.16135,-7.67142],[112.16176,-7.67398],[112.16229,-7.67455],[112.16296,-7.67467],[112.16296,-7.67556],[112.16357,-7.67584],[112.16401,-7.67584],[112.16435,-7.67543],[112.16609,-7.67569],[112.16636,-7.67467],[112.16574,-7.67341],[112.16625,-7.67353],[112.16621,-7.67267],[112.16696,-7.67291],[112.16728,-7.67232],[112.16798,-7.67247],[112.17027,-7.6743],[112.17123,-7.67674],[112.17203,-7.67724],[112.17294,-7.67863],[112.17458,-7.67934],[112.17489,-7.68039],[112.1764,-7.68243],[112.17794,-7.68279],[112.17865,-7.68121],[112.18012,-7.68156],[112.18039,-7.68066],[112.18015,-7.68061],[112.18022,-7.68019],[112.18182,-7.68038],[112.18171,-7.68189],[112.18475,-7.68309],[112.18446,-7.68617],[112.184,-7.68629],[112.18398,-7.68717],[112.18499,-7.6895],[112.18959,-7.69132],[112.18977,-7.69168],[112.18899,-7.69208],[112.18867,-7.69306],[112.18771,-7.69407],[112.18716,-7.69628],[112.18843,-7.69648],[112.18944,-7.69801],[112.18904,-7.69874],[112.18896,-7.70008],[112.18925,-7.70123],[112.18986,-7.70164],[112.19131,-7.70462],[112.19109,-7.70545],[112.19013,-7.70639],[112.19025,-7.70812],[112.18962,-7.71061],[112.18975,-7.71153],[112.18813,-7.71189],[112.18683,-7.71401],[112.18681,-7.71548],[112.1857,-7.71722],[112.18524,-7.71746],[112.18454,-7.71654],[112.18116,-7.71474],[112.18056,-7.71475],[112.18041,-7.71427],[112.17997,-7.71436],[112.17792,-7.72129],[112.17665,-7.72342],[112.17646,-7.72421],[112.17677,-7.72434],[112.17517,-7.72849],[112.17573,-7.72879],[112.17561,-7.72905],[112.17538,-7.72896],[112.1747,-7.73027],[112.17346,-7.72899],[112.17132,-7.72797],[112.16938,-7.73175],[112.16963,-7.73207],[112.16866,-7.73386],[112.17335,-7.73598],[112.17407,-7.73705],[112.17533,-7.7376],[112.17379,-7.7414],[112.17479,-7.74226],[112.1745,-7.74506],[112.17377,-7.74716],[112.17277,-7.7468],[112.17253,-7.7484],[112.17214,-7.74849],[112.17189,-7.74907],[112.17146,-7.74883],[112.17122,-7.7494],[112.17061,-7.74919],[112.17037,-7.74984],[112.1687,-7.74999],[112.16675,-7.75404],[112.16633,-7.75358],[112.16575,-7.75428],[112.16536,-7.75392],[112.1645,-7.7539],[112.16387,-7.7529],[112.16252,-7.75282],[112.1603,-7.75211],[112.15963,-7.75076],[112.15941,-7.75151],[112.15909,-7.75134],[112.15877,-7.75161],[112.15865,-7.75246],[112.15838,-7.75237],[112.15818,-7.75299],[112.15434,-7.7516],[112.15403,-7.75216],[112.15353,-7.75169],[112.15114,-7.75156],[112.15044,-7.7521],[112.14968,-7.75193],[112.14936,-7.7528],[112.14976,-7.75307],[112.14964,-7.75327],[112.14898,-7.75307],[112.14904,-7.75287],[112.14849,-7.7527],[112.14887,-7.75153],[112.14768,-7.7512],[112.14786,-7.75005],[112.14848,-7.74899],[112.14766,-7.74857],[112.14782,-7.74801],[112.14736,-7.74785],[112.14738,-7.7459],[112.14825,-7.7424],[112.14919,-7.74246],[112.14894,-7.74128],[112.1496,-7.7407],[112.14941,-7.74002],[112.14966,-7.73923],[112.14873,-7.73813],[112.14884,-7.73722],[112.14808,-7.73658],[112.14777,-7.73526]]]}},{"type":"Feature","properties":{"kode":"35.06.17","nama":"Pare"},"geometry":{"type":"Polygon","coordinates":[[[112.17007,-7.80842],[112.16518,-7.80605],[112.16363,-7.80614],[112.16497,-7.8074],[112.16875,-7.80926],[112.16862,-7.81177],[112.16887,-7.81311],[112.17027,-7.81385],[112.17072,-7.81603],[112.1741,-7.81922],[112.17949,-7.82041],[112.17949,-7.82099],[112.17823,-7.82082],[112.17798,-7.82206],[112.17929,-7.82344],[112.17855,-7.82659],[112.17771,-7.82601],[112.17399,-7.8254],[112.17272,-7.82459],[112.16814,-7.82352],[112.1669,-7.82223],[112.16181,-7.81919],[112.16126,-7.8203],[112.16073,-7.82006],[112.16057,-7.82047],[112.16008,-7.82026],[112.15924,-7.82183],[112.15899,-7.82167],[112.15642,-7.82671],[112.15584,-7.82653],[112.1556,-7.8272],[112.15345,-7.82629],[112.15146,-7.82601],[112.15046,-7.82221],[112.14884,-7.81788],[112.14663,-7.81361],[112.14612,-7.81124],[112.15041,-7.79788],[112.15129,-7.7977],[112.15229,-7.79516],[112.15091,-7.79384],[112.15043,-7.79481],[112.14998,-7.79453],[112.15163,-7.79112],[112.15084,-7.7903],[112.15103,-7.78992],[112.15002,-7.78891],[112.14951,-7.78981],[112.14828,-7.78939],[112.14668,-7.78851],[112.14642,-7.78793],[112.14551,-7.7873],[112.14573,-7.78707],[112.14445,-7.78644],[112.14405,-7.78779],[112.14347,-7.78757],[112.14319,-7.78824],[112.13888,-7.78627],[112.13941,-7.7853],[112.13812,-7.78369],[112.13511,-7.78189],[112.13019,-7.77992],[112.12903,-7.77904],[112.13053,-7.77678],[112.12923,-7.77433],[112.12759,-7.77357],[112.12741,-7.77318],[112.13111,-7.76529],[112.13272,-7.76602],[112.13519,-7.76063],[112.13691,-7.76154],[112.13722,-7.76062],[112.13972,-7.76195],[112.14039,-7.75979],[112.13869,-7.75875],[112.13797,-7.76048],[112.13748,-7.76021],[112.13805,-7.759],[112.13691,-7.75846],[112.1374,-7.75748],[112.13797,-7.75773],[112.14092,-7.75773],[112.1412,-7.75713],[112.14165,-7.75733],[112.14278,-7.75468],[112.14441,-7.75625],[112.14596,-7.75707],[112.14684,-7.75745],[112.14827,-7.75732],[112.14933,-7.7576],[112.14987,-7.75399],[112.14946,-7.75385],[112.14976,-7.75307],[112.14936,-7.7528],[112.14949,-7.75234],[112.14968,-7.75193],[112.15044,-7.7521],[112.15114,-7.75156],[112.15353,-7.75169],[112.15403,-7.75216],[112.15434,-7.7516],[112.15818,-7.75299],[112.15838,-7.75237],[112.15865,-7.75246],[112.15877,-7.75161],[112.15909,-7.75134],[112.15941,-7.75151],[112.15963,-7.75076],[112.1603,-7.75211],[112.16252,-7.75282],[112.16387,-7.7529],[112.1645,-7.7539],[112.16536,-7.75392],[112.16575,-7.75428],[112.16633,-7.75358],[112.16675,-7.75404],[112.1687,-7.74999],[112.17037,-7.74984],[112.17061,-7.74919],[112.17122,-7.7494],[112.17146,-7.74883],[112.17189,-7.74907],[112.17214,-7.74849],[112.17253,-7.7484],[112.17277,-7.7468],[112.17377,-7.74716],[112.1745,-7.74506],[112.17479,-7.74203],[112.17735,-7.74263],[112.17757,-7.7421],[112.17833,-7.74232],[112.17817,-7.74376],[112.17947,-7.74452],[112.17994,-7.74348],[112.18198,-7.7441],[112.18161,-7.74509],[112.1824,-7.74535],[112.18296,-7.74423],[112.18363,-7.74436],[112.18379,-7.74408],[112.18457,-7.74401],[112.18602,-7.74544],[112.18886,-7.74623],[112.18998,-7.74699],[112.19077,-7.74528],[112.19165,-7.74577],[112.1914,-7.74615],[112.19205,-7.74658],[112.19181,-7.74702],[112.19138,-7.74675],[112.1909,-7.74751],[112.19141,-7.74784],[112.19118,-7.7483],[112.19209,-7.74864],[112.19235,-7.74803],[112.19154,-7.74761],[112.1918,-7.74728],[112.19328,-7.74807],[112.19355,-7.74765],[112.19322,-7.74725],[112.19346,-7.74686],[112.19292,-7.74646],[112.19373,-7.74449],[112.19313,-7.74427],[112.19385,-7.74252],[112.19737,-7.74386],[112.19705,-7.74506],[112.20075,-7.74589],[112.20063,-7.74638],[112.20146,-7.74656],[112.20135,-7.74933],[112.20466,-7.75057],[112.20408,-7.75318],[112.20476,-7.75354],[112.20358,-7.75571],[112.20523,-7.75656],[112.2046,-7.75801],[112.20238,-7.75725],[112.20199,-7.75816],[112.20426,-7.75896],[112.20415,-7.75933],[112.20186,-7.75843],[112.20133,-7.75972],[112.20232,-7.7602],[112.20263,-7.76073],[112.20248,-7.7611],[112.20335,-7.76149],[112.20317,-7.76193],[112.20532,-7.76303],[112.20693,-7.76339],[112.20919,-7.76051],[112.21131,-7.76146],[112.21424,-7.76189],[112.22469,-7.76187],[112.22482,-7.76221],[112.22529,-7.76192],[112.22544,-7.76315],[112.22692,-7.76591],[112.22574,-7.76595],[112.22569,-7.76653],[112.22543,-7.7665],[112.22547,-7.76596],[112.224,-7.76567],[112.22302,-7.77193],[112.22079,-7.77489],[112.21951,-7.77468],[112.21807,-7.77968],[112.21819,-7.78023],[112.21677,-7.78008],[112.21666,-7.78082],[112.21565,-7.78074],[112.21495,-7.78338],[112.21177,-7.78157],[112.20726,-7.77991],[112.20721,-7.78051],[112.20626,-7.78035],[112.20523,-7.7821],[112.20263,-7.78123],[112.20254,-7.78189],[112.19949,-7.78201],[112.19921,-7.78811],[112.19825,-7.78805],[112.19804,-7.78969],[112.19343,-7.78801],[112.19253,-7.79028],[112.18482,-7.80049],[112.18363,-7.8034],[112.17861,-7.80026],[112.17882,-7.79997],[112.17768,-7.79914],[112.17689,-7.80121],[112.17564,-7.80318],[112.17649,-7.80367],[112.17612,-7.80501],[112.17717,-7.80711],[112.17755,-7.80921],[112.17641,-7.81181],[112.17538,-7.81181],[112.17378,-7.81097],[112.17206,-7.81064],[112.17007,-7.80842]]]}},{"type":"Feature","properties":{"kode":"35.06.18","nama":"Kepung"},"geometry":{"type":"Polygon","coordinates":[[[112.3258,-7.8718],[112.32604,-7.87349],[112.32541,-7.87567],[112.32588,-7.87796],[112.32514,-7.88048],[112.32523,-7.88316],[112.32342,-7.88562],[112.32362,-7.88794],[112.32263,-7.88978],[112.32337,-7.89186],[112.32248,-7.89293],[112.32089,-7.89309],[112.31783,-7.89564],[112.31724,-7.89805],[112.31576,-7.89873],[112.31546,-7.89991],[112.31422,-7.90173],[112.31305,-7.90213],[112.31247,-7.90276],[112.31195,-7.90472],[112.31233,-7.9057],[112.31236,-7.90705],[112.31352,-7.90825],[112.313,-7.90937],[112.31271,-7.91184],[112.31329,-7.91422],[112.31315,-7.91629],[112.31401,-7.91819],[112.31373,-7.91915],[112.31382,-7.9205],[112.31206,-7.92445],[112.31066,-7.92604],[112.31023,-7.92772],[112.30798,-7.92907],[112.30658,-7.9293],[112.30701,-7.93028],[112.30679,-7.93147],[112.30414,-7.92968],[112.30411,-7.92918],[112.30217,-7.92763],[112.30113,-7.92585],[112.30077,-7.92356],[112.30197,-7.92169],[112.30164,-7.92063],[112.30107,-7.9204],[112.30029,-7.91837],[112.29917,-7.91711],[112.29899,-7.91636],[112.29943,-7.91476],[112.29838,-7.90979],[112.29854,-7.90377],[112.29742,-7.90202],[112.29435,-7.89462],[112.29121,-7.89129],[112.28947,-7.88889],[112.28953,-7.88655],[112.2888,-7.88489],[112.28964,-7.88404],[112.2895,-7.88246],[112.28702,-7.88097],[112.28609,-7.87916],[112.28511,-7.87838],[112.28509,-7.87226],[112.28289,-7.8684],[112.28132,-7.86836],[112.28123,-7.86457],[112.27844,-7.86453],[112.27856,-7.86376],[112.27525,-7.86378],[112.27524,-7.86271],[112.27209,-7.86253],[112.27208,-7.86078],[112.27077,-7.86075],[112.27048,-7.85161],[112.27084,-7.8365],[112.2752,-7.83078],[112.2768,-7.82448],[112.2753,-7.82517],[112.27294,-7.82534],[112.27322,-7.81854],[112.26928,-7.81967],[112.26509,-7.82183],[112.26171,-7.82286],[112.26204,-7.8201],[112.2617,-7.81982],[112.25927,-7.82077],[112.25582,-7.8214],[112.25524,-7.82216],[112.25366,-7.8223],[112.25255,-7.82304],[112.25169,-7.8231],[112.2486,-7.82442],[112.24722,-7.82012],[112.24725,-7.81826],[112.24871,-7.81723],[112.24909,-7.81659],[112.24905,-7.81486],[112.25075,-7.81354],[112.25159,-7.81078],[112.25203,-7.8016],[112.25049,-7.80146],[112.24813,-7.80198],[112.24624,-7.80184],[112.24517,-7.80233],[112.24201,-7.80433],[112.24111,-7.80748],[112.2364,-7.80605],[112.23097,-7.80354],[112.22784,-7.8033],[112.22779,-7.80302],[112.22562,-7.80205],[112.22379,-7.80043],[112.22271,-7.79995],[112.22291,-7.79945],[112.22249,-7.79909],[112.22261,-7.7985],[112.22161,-7.7983],[112.22262,-7.79285],[112.21991,-7.79114],[112.21604,-7.78959],[112.21397,-7.78656],[112.21455,-7.78431],[112.21392,-7.78415],[112.2138,-7.78384],[112.21412,-7.783],[112.21495,-7.78338],[112.21565,-7.78074],[112.21666,-7.78082],[112.21677,-7.78008],[112.21819,-7.78023],[112.21807,-7.77968],[112.21951,-7.77468],[112.22079,-7.77489],[112.22302,-7.77193],[112.224,-7.76567],[112.22547,-7.76596],[112.22543,-7.7665],[112.22569,-7.76653],[112.22574,-7.76595],[112.22692,-7.76591],[112.22544,-7.76315],[112.22529,-7.76192],[112.22627,-7.76155],[112.22654,-7.76192],[112.22875,-7.76237],[112.22899,-7.76276],[112.2299,-7.76254],[112.23026,-7.76335],[112.23216,-7.76439],[112.23383,-7.76452],[112.23765,-7.76553],[112.23901,-7.76661],[112.24135,-7.76772],[112.24313,-7.76805],[112.24489,-7.76882],[112.24579,-7.76843],[112.24679,-7.76896],[112.24634,-7.76759],[112.24776,-7.76156],[112.24839,-7.76217],[112.24919,-7.76228],[112.25163,-7.76196],[112.25448,-7.76252],[112.25735,-7.76236],[112.25731,-7.76264],[112.2583,-7.76275],[112.25903,-7.76237],[112.26206,-7.76245],[112.26349,-7.76399],[112.26403,-7.76387],[112.2643,-7.76218],[112.26466,-7.76232],[112.26478,-7.7619],[112.26685,-7.76207],[112.26727,-7.7609],[112.26761,-7.7617],[112.26947,-7.76062],[112.27045,-7.76163],[112.27269,-7.75945],[112.27491,-7.75868],[112.27606,-7.75775],[112.27716,-7.7582],[112.28001,-7.76126],[112.281,-7.76177],[112.28296,-7.76377],[112.28407,-7.76424],[112.2845,-7.76491],[112.28439,-7.76529],[112.28545,-7.76634],[112.28568,-7.76626],[112.28602,-7.76774],[112.28695,-7.76829],[112.28742,-7.76915],[112.2877,-7.77097],[112.28743,-7.77204],[112.28783,-7.774],[112.28887,-7.77585],[112.28802,-7.77714],[112.28797,-7.77884],[112.28829,-7.77955],[112.2897,-7.78063],[112.29179,-7.78065],[112.29269,-7.78128],[112.29336,-7.78428],[112.29597,-7.78729],[112.29607,-7.7889],[112.29743,-7.78948],[112.29958,-7.78903],[112.30038,-7.78927],[112.30127,-7.79052],[112.30174,-7.79323],[112.30286,-7.79471],[112.30438,-7.79594],[112.30498,-7.79762],[112.30579,-7.79883],[112.30686,-7.79928],[112.30696,-7.80127],[112.30571,-7.80246],[112.30648,-7.80644],[112.30527,-7.81222],[112.30636,-7.8147],[112.30658,-7.81748],[112.30718,-7.81851],[112.30698,-7.82131],[112.30804,-7.82348],[112.30804,-7.82562],[112.30682,-7.82686],[112.30664,-7.82848],[112.30701,-7.83022],[112.30814,-7.8314],[112.30951,-7.83398],[112.30865,-7.83554],[112.30863,-7.83645],[112.30763,-7.83892],[112.30996,-7.8391],[112.3122,-7.83781],[112.31293,-7.83764],[112.31438,-7.83797],[112.31558,-7.8375],[112.31777,-7.83808],[112.31935,-7.83908],[112.31852,-7.84361],[112.31731,-7.84686],[112.31776,-7.84767],[112.31884,-7.84838],[112.32031,-7.85009],[112.32073,-7.85225],[112.32056,-7.85389],[112.32125,-7.85545],[112.31902,-7.85734],[112.3182,-7.86147],[112.31887,-7.86279],[112.32257,-7.86553],[112.3258,-7.8718]]]}},{"type":"Feature","properties":{"kode":"35.06.19","nama":"Kandangan"},"geometry":{"type":"Polygon","coordinates":[[[112.27606,-7.75775],[112.27491,-7.75868],[112.27269,-7.75945],[112.27045,-7.76163],[112.26947,-7.76062],[112.26761,-7.7617],[112.26727,-7.7609],[112.26685,-7.76207],[112.26478,-7.7619],[112.26466,-7.76232],[112.2643,-7.76218],[112.26403,-7.76387],[112.26349,-7.76399],[112.26206,-7.76245],[112.25903,-7.76237],[112.2583,-7.76275],[112.25731,-7.76264],[112.25735,-7.76236],[112.25448,-7.76252],[112.25163,-7.76196],[112.24919,-7.76228],[112.24839,-7.76217],[112.24776,-7.76156],[112.24634,-7.76759],[112.24679,-7.76896],[112.24579,-7.76843],[112.24489,-7.76882],[112.24313,-7.76805],[112.24135,-7.76772],[112.23901,-7.76661],[112.23765,-7.76553],[112.23329,-7.76457],[112.23666,-7.75083],[112.23811,-7.74833],[112.23848,-7.74697],[112.23902,-7.74713],[112.23941,-7.74658],[112.24033,-7.74328],[112.23938,-7.74263],[112.2402,-7.73957],[112.24046,-7.73758],[112.24021,-7.73654],[112.23952,-7.73612],[112.23764,-7.73599],[112.23793,-7.73345],[112.23697,-7.73274],[112.23695,-7.73168],[112.23599,-7.73127],[112.23631,-7.72921],[112.23685,-7.72915],[112.23767,-7.72802],[112.23829,-7.72797],[112.23858,-7.72701],[112.23757,-7.72462],[112.23589,-7.72225],[112.23728,-7.7186],[112.23904,-7.71828],[112.24069,-7.7147],[112.24124,-7.71411],[112.24441,-7.71743],[112.24407,-7.71788],[112.24976,-7.7232],[112.25053,-7.7249],[112.25265,-7.72623],[112.25722,-7.72796],[112.26228,-7.72825],[112.26702,-7.72806],[112.26817,-7.72626],[112.26611,-7.72304],[112.26699,-7.72251],[112.27216,-7.72419],[112.27712,-7.72489],[112.27935,-7.7256],[112.28253,-7.72546],[112.28678,-7.72619],[112.2875,-7.72593],[112.28839,-7.72632],[112.28896,-7.72598],[112.28995,-7.72643],[112.29167,-7.72577],[112.29295,-7.7261],[112.29362,-7.72574],[112.29426,-7.72626],[112.29367,-7.72692],[112.29528,-7.72733],[112.29572,-7.7278],[112.29641,-7.72738],[112.29644,-7.72694],[112.29723,-7.72689],[112.2977,-7.72743],[112.29871,-7.72729],[112.29939,-7.72669],[112.29964,-7.72684],[112.29937,-7.72746],[112.30034,-7.72807],[112.30118,-7.72814],[112.3015,-7.72798],[112.30148,-7.72704],[112.3018,-7.72682],[112.30225,-7.72732],[112.30293,-7.72738],[112.30346,-7.72805],[112.30428,-7.72781],[112.3046,-7.7289],[112.30506,-7.72921],[112.30621,-7.72908],[112.30923,-7.73094],[112.31026,-7.73066],[112.31106,-7.73224],[112.31214,-7.73244],[112.31222,-7.7333],[112.31298,-7.73308],[112.3133,-7.73392],[112.31384,-7.73342],[112.31451,-7.73376],[112.31427,-7.73423],[112.31463,-7.73457],[112.31648,-7.73511],[112.31708,-7.73665],[112.31836,-7.73756],[112.31965,-7.73763],[112.32033,-7.73803],[112.32182,-7.73801],[112.32307,-7.73869],[112.32346,-7.7381],[112.32488,-7.73802],[112.32568,-7.73893],[112.32522,-7.73942],[112.32843,-7.74135],[112.32916,-7.74098],[112.33075,-7.74097],[112.33227,-7.74168],[112.33408,-7.74135],[112.33524,-7.74233],[112.33607,-7.74411],[112.33719,-7.74529],[112.34152,-7.74796],[112.34262,-7.74822],[112.34309,-7.74865],[112.34653,-7.74835],[112.34863,-7.74879],[112.3489,-7.74933],[112.34994,-7.74995],[112.35035,-7.75078],[112.35161,-7.75109],[112.35197,-7.75211],[112.355,-7.75363],[112.35598,-7.75483],[112.35616,-7.75569],[112.35734,-7.75598],[112.35935,-7.75852],[112.35974,-7.75968],[112.36061,-7.76026],[112.3612,-7.76116],[112.36176,-7.76116],[112.36285,-7.76054],[112.36418,-7.76103],[112.36536,-7.76081],[112.36708,-7.76153],[112.36831,-7.76155],[112.36846,-7.76222],[112.36961,-7.76296],[112.37528,-7.76397],[112.38027,-7.7673],[112.38462,-7.76876],[112.38811,-7.7724],[112.39348,-7.77335],[112.39602,-7.77548],[112.39726,-7.77607],[112.40172,-7.77565],[112.40665,-7.77441],[112.40861,-7.77339],[112.40929,-7.77266],[112.40942,-7.77181],[112.41179,-7.76919],[112.41529,-7.766],[112.4166,-7.76441],[112.41734,-7.76445],[112.41585,-7.76657],[112.4132,-7.77275],[112.41359,-7.77393],[112.41191,-7.7751],[112.41161,-7.77661],[112.41033,-7.77705],[112.40902,-7.77848],[112.40572,-7.78051],[112.40435,-7.78088],[112.40049,-7.78112],[112.39798,-7.7844],[112.39675,-7.7853],[112.39622,-7.78539],[112.39388,-7.78445],[112.392,-7.7844],[112.38902,-7.78293],[112.38506,-7.78494],[112.38292,-7.78511],[112.38155,-7.7847],[112.38058,-7.78333],[112.37921,-7.78214],[112.37768,-7.78193],[112.37623,-7.7801],[112.37581,-7.77861],[112.37283,-7.77708],[112.37138,-7.77509],[112.3701,-7.774],[112.37018,-7.77192],[112.36676,-7.76838],[112.36532,-7.76798],[112.36477,-7.76712],[112.361,-7.76671],[112.35876,-7.76585],[112.35757,-7.76626],[112.35689,-7.76555],[112.35565,-7.76499],[112.35484,-7.76393],[112.35392,-7.76377],[112.35276,-7.76402],[112.3511,-7.7624],[112.34946,-7.76156],[112.34864,-7.76169],[112.348,-7.76227],[112.34647,-7.76551],[112.34392,-7.76702],[112.34016,-7.76752],[112.33965,-7.76805],[112.33944,-7.77133],[112.34004,-7.77303],[112.33936,-7.77444],[112.33755,-7.77436],[112.33706,-7.77394],[112.33514,-7.77485],[112.33407,-7.77478],[112.33311,-7.7758],[112.33185,-7.77551],[112.33065,-7.77607],[112.32966,-7.77611],[112.32874,-7.77727],[112.32801,-7.77697],[112.32664,-7.77726],[112.32561,-7.77669],[112.32246,-7.7766],[112.32054,-7.77705],[112.32008,-7.77774],[112.31963,-7.77783],[112.31873,-7.77741],[112.31846,-7.77777],[112.31801,-7.77736],[112.31589,-7.77764],[112.31246,-7.77667],[112.31046,-7.77675],[112.31029,-7.77639],[112.3109,-7.77498],[112.30994,-7.77544],[112.30869,-7.77551],[112.30818,-7.77455],[112.30736,-7.77407],[112.30721,-7.77477],[112.30684,-7.77486],[112.30635,-7.77278],[112.30438,-7.77298],[112.30397,-7.77274],[112.30362,-7.77182],[112.3024,-7.7724],[112.30058,-7.77168],[112.30007,-7.77009],[112.29941,-7.76939],[112.29718,-7.76981],[112.29658,-7.76932],[112.29505,-7.76907],[112.29417,-7.76926],[112.29209,-7.76863],[112.28978,-7.77033],[112.2886,-7.77082],[112.28784,-7.77067],[112.2877,-7.77097],[112.28721,-7.76867],[112.28602,-7.76774],[112.28568,-7.76626],[112.28545,-7.76634],[112.28439,-7.76529],[112.2845,-7.76491],[112.28407,-7.76424],[112.28296,-7.76377],[112.281,-7.76177],[112.28001,-7.76126],[112.27716,-7.7582],[112.27606,-7.75775]]]}},{"type":"Feature","properties":{"kode":"35.06.20","nama":"Tarokan"},"geometry":{"type":"Polygon","coordinates":[[[111.95554,-7.73694],[111.95836,-7.74248],[111.95704,-7.74669],[111.95596,-7.74622],[111.95523,-7.7452],[111.95275,-7.74518],[111.95237,-7.74589],[111.95058,-7.74694],[111.94914,-7.7484],[111.94859,-7.74853],[111.94705,-7.75058],[111.9455,-7.75193],[111.94442,-7.75195],[111.94184,-7.7539],[111.94078,-7.75434],[111.94031,-7.75418],[111.93786,-7.75529],[111.93714,-7.75616],[111.93675,-7.75615],[111.93586,-7.75738],[111.93496,-7.75772],[111.93447,-7.75849],[111.93369,-7.75891],[111.93354,-7.75946],[111.92983,-7.76014],[111.92907,-7.76125],[111.92708,-7.76255],[111.92332,-7.76218],[111.92186,-7.76266],[111.92104,-7.76342],[111.9164,-7.76401],[111.90806,-7.76421],[111.90501,-7.76519],[111.90381,-7.76492],[111.90327,-7.7657],[111.90146,-7.76704],[111.89713,-7.76874],[111.89414,-7.76913],[111.89384,-7.76885],[111.89256,-7.76913],[111.89194,-7.76891],[111.89051,-7.7693],[111.88948,-7.77011],[111.88829,-7.76991],[111.88762,-7.77033],[111.88722,-7.76998],[111.8863,-7.77056],[111.88397,-7.77061],[111.88353,-7.77089],[111.88292,-7.77084],[111.88236,-7.76946],[111.88051,-7.76672],[111.87853,-7.76551],[111.88157,-7.7636],[111.88337,-7.76145],[111.88415,-7.75879],[111.88524,-7.75693],[111.88571,-7.75486],[111.8867,-7.75458],[111.8889,-7.75311],[111.89287,-7.74832],[111.89506,-7.7471],[111.9003,-7.73973],[111.90444,-7.73759],[111.90565,-7.73665],[111.9074,-7.73384],[111.91116,-7.73215],[111.91402,-7.7295],[111.91792,-7.72709],[111.91934,-7.72576],[111.92294,-7.72456],[111.92566,-7.72292],[111.92805,-7.72256],[111.92874,-7.72084],[111.92991,-7.72019],[111.9311,-7.71729],[111.93187,-7.71617],[111.93247,-7.71359],[111.93217,-7.71179],[111.93147,-7.7101],[111.93185,-7.70877],[111.93298,-7.70836],[111.93437,-7.70614],[111.93554,-7.70334],[111.93644,-7.70349],[111.93795,-7.7007],[111.9394,-7.7007],[111.94231,-7.69405],[111.94272,-7.69377],[111.94359,-7.69384],[111.944,-7.69339],[111.94442,-7.69382],[111.94576,-7.69404],[111.94998,-7.68592],[111.95126,-7.68678],[111.95207,-7.68691],[111.95245,-7.68648],[111.95201,-7.68619],[111.95248,-7.68571],[111.95251,-7.68522],[111.95308,-7.68502],[111.95288,-7.68389],[111.95323,-7.68207],[111.95393,-7.68064],[111.9537,-7.68028],[111.95411,-7.67961],[111.95618,-7.67992],[111.95683,-7.67924],[111.9579,-7.67902],[111.96359,-7.68162],[111.96771,-7.68209],[111.97157,-7.68329],[111.97405,-7.68322],[111.97598,-7.68389],[111.97665,-7.68374],[111.97678,-7.68335],[111.97847,-7.68324],[111.9785,-7.68277],[111.98261,-7.68381],[111.98291,-7.68453],[111.98335,-7.6844],[111.98381,-7.68576],[111.98432,-7.68631],[111.98492,-7.68623],[111.98504,-7.68715],[111.98542,-7.68713],[111.98572,-7.69162],[111.9847,-7.69326],[111.98344,-7.69359],[111.98343,-7.69511],[111.98287,-7.69572],[111.98349,-7.69758],[111.9829,-7.69869],[111.98277,-7.70222],[111.9831,-7.70341],[111.98272,-7.70442],[111.98289,-7.70493],[111.98239,-7.7055],[111.98271,-7.70675],[111.98379,-7.70812],[111.98361,-7.70923],[111.98278,-7.70941],[111.98221,-7.71042],[111.98251,-7.7115],[111.98122,-7.7114],[111.97996,-7.71052],[111.97898,-7.71031],[111.97877,-7.71082],[111.97678,-7.71035],[111.97311,-7.71015],[111.9731,-7.71054],[111.97271,-7.71053],[111.9726,-7.71117],[111.97294,-7.71127],[111.97264,-7.71257],[111.97195,-7.71264],[111.97156,-7.71333],[111.96971,-7.71304],[111.96936,-7.71581],[111.96857,-7.71568],[111.96865,-7.71791],[111.96812,-7.72383],[111.96645,-7.72365],[111.96658,-7.7248],[111.96579,-7.72716],[111.966,-7.72741],[111.9658,-7.72822],[111.965,-7.72808],[111.9649,-7.72915],[111.96422,-7.72908],[111.96422,-7.72955],[111.96258,-7.72937],[111.96201,-7.73052],[111.96155,-7.7305],[111.9613,-7.73145],[111.96034,-7.73119],[111.95955,-7.73301],[111.95906,-7.73299],[111.95846,-7.73398],[111.95749,-7.73375],[111.95727,-7.73468],[111.95675,-7.73456],[111.95636,-7.73495],[111.95645,-7.73658],[111.95566,-7.73659],[111.95554,-7.73694]]]}},{"type":"Feature","properties":{"kode":"35.06.21","nama":"Kunjang"},"geometry":{"type":"Polygon","coordinates":[[[112.17014,-7.67439],[112.16848,-7.67268],[112.16728,-7.67232],[112.16696,-7.67291],[112.16621,-7.67267],[112.16625,-7.67353],[112.16574,-7.67341],[112.16636,-7.67467],[112.16609,-7.67569],[112.16435,-7.67543],[112.16401,-7.67584],[112.16357,-7.67584],[112.16296,-7.67556],[112.16296,-7.67467],[112.16229,-7.67455],[112.16176,-7.67398],[112.16151,-7.67155],[112.16029,-7.67083],[112.15792,-7.67009],[112.15756,-7.67167],[112.1553,-7.67108],[112.15318,-7.67047],[112.15347,-7.66961],[112.15246,-7.66926],[112.15275,-7.66843],[112.14925,-7.66723],[112.14882,-7.66811],[112.1442,-7.66642],[112.14516,-7.66265],[112.14142,-7.66265],[112.14149,-7.66211],[112.141,-7.66205],[112.14077,-7.66049],[112.14131,-7.65871],[112.14104,-7.65853],[112.14291,-7.65273],[112.14295,-7.65155],[112.14217,-7.65129],[112.14234,-7.65077],[112.14159,-7.6503],[112.14176,-7.64971],[112.13944,-7.64864],[112.14136,-7.64309],[112.14404,-7.64401],[112.14557,-7.63981],[112.14495,-7.63933],[112.14613,-7.63716],[112.14653,-7.63687],[112.14698,-7.63703],[112.1473,-7.63635],[112.14853,-7.63704],[112.14885,-7.63762],[112.15134,-7.63944],[112.15088,-7.64125],[112.15293,-7.64187],[112.15183,-7.64516],[112.15173,-7.64646],[112.15221,-7.64692],[112.15201,-7.64788],[112.15477,-7.6486],[112.15582,-7.64806],[112.15651,-7.64895],[112.1565,-7.64947],[112.15766,-7.65013],[112.15861,-7.64806],[112.16051,-7.64876],[112.16005,-7.6498],[112.16096,-7.65019],[112.16176,-7.64904],[112.16252,-7.64874],[112.16302,-7.64889],[112.16335,-7.64823],[112.16366,-7.64832],[112.16357,-7.64747],[112.16456,-7.64775],[112.1652,-7.64531],[112.16242,-7.64436],[112.16355,-7.64174],[112.16102,-7.64092],[112.16222,-7.63711],[112.16391,-7.63343],[112.16568,-7.63435],[112.16595,-7.63359],[112.16725,-7.63395],[112.16785,-7.63251],[112.16839,-7.63274],[112.16865,-7.63214],[112.16953,-7.63193],[112.16987,-7.63129],[112.1707,-7.63155],[112.17112,-7.63054],[112.17202,-7.63087],[112.17316,-7.62843],[112.17525,-7.62966],[112.17523,-7.63047],[112.17751,-7.63131],[112.1776,-7.63111],[112.17974,-7.63264],[112.18023,-7.63252],[112.18251,-7.63355],[112.18512,-7.63738],[112.18536,-7.63813],[112.18481,-7.63958],[112.18512,-7.64124],[112.18557,-7.64185],[112.18686,-7.64255],[112.18676,-7.64326],[112.18735,-7.64383],[112.18971,-7.64489],[112.18986,-7.6454],[112.19071,-7.64608],[112.19095,-7.64695],[112.19303,-7.64887],[112.19263,-7.65069],[112.19431,-7.65185],[112.19422,-7.6522],[112.19491,-7.65232],[112.19458,-7.65372],[112.19828,-7.65563],[112.19797,-7.65657],[112.20089,-7.6579],[112.20257,-7.65972],[112.20244,-7.66001],[112.20399,-7.66086],[112.20459,-7.66324],[112.20608,-7.66404],[112.20605,-7.66447],[112.20847,-7.66573],[112.21016,-7.66964],[112.21307,-7.67189],[112.21345,-7.67277],[112.21447,-7.67325],[112.21547,-7.67525],[112.21749,-7.67561],[112.21809,-7.67675],[112.21764,-7.67767],[112.21758,-7.67963],[112.21612,-7.68249],[112.21673,-7.68317],[112.21602,-7.68411],[112.21479,-7.6879],[112.21539,-7.68804],[112.21521,-7.6885],[112.2129,-7.68772],[112.21252,-7.68895],[112.20954,-7.68708],[112.20909,-7.68764],[112.20372,-7.69083],[112.20279,-7.69042],[112.20232,-7.69144],[112.20108,-7.69162],[112.20088,-7.69197],[112.20039,-7.69186],[112.19931,-7.69249],[112.19889,-7.69224],[112.19876,-7.69259],[112.19692,-7.69169],[112.19719,-7.69243],[112.19544,-7.69172],[112.19531,-7.69229],[112.19021,-7.69116],[112.19009,-7.69148],[112.18972,-7.69145],[112.18499,-7.6895],[112.18398,-7.68717],[112.184,-7.68629],[112.18446,-7.68617],[112.18472,-7.68303],[112.18171,-7.68189],[112.18182,-7.68038],[112.18022,-7.68019],[112.18015,-7.68061],[112.18039,-7.68066],[112.18012,-7.68156],[112.17865,-7.68121],[112.17794,-7.68279],[112.1764,-7.68243],[112.17489,-7.68039],[112.17458,-7.67934],[112.17294,-7.67863],[112.17203,-7.67724],[112.17123,-7.67674],[112.17014,-7.67439]]]}},{"type":"Feature","properties":{"kode":"35.06.22","nama":"Banyakan"},"geometry":{"type":"Polygon","coordinates":[[[111.924,-7.80973],[111.92245,-7.81155],[111.92094,-7.81264],[111.91659,-7.81275],[111.91447,-7.81318],[111.91203,-7.81163],[111.91025,-7.81115],[111.90956,-7.81163],[111.90819,-7.81081],[111.90714,-7.81129],[111.90689,-7.81048],[111.90592,-7.81027],[111.90521,-7.81156],[111.90434,-7.81099],[111.90166,-7.81129],[111.9005,-7.81249],[111.89869,-7.81325],[111.8973,-7.81334],[111.89694,-7.81229],[111.8965,-7.81205],[111.89582,-7.81268],[111.89619,-7.8135],[111.8957,-7.8138],[111.89479,-7.81361],[111.89432,-7.81284],[111.89325,-7.81281],[111.89311,-7.81339],[111.89346,-7.81429],[111.89303,-7.81465],[111.89223,-7.81397],[111.8907,-7.81513],[111.88934,-7.81418],[111.88747,-7.8142],[111.88464,-7.81598],[111.88399,-7.81536],[111.88368,-7.81544],[111.88393,-7.81654],[111.88267,-7.8177],[111.88124,-7.81773],[111.88006,-7.81875],[111.8781,-7.8197],[111.87606,-7.82235],[111.87488,-7.82304],[111.8685,-7.82177],[111.86621,-7.82088],[111.86418,-7.82096],[111.86096,-7.82225],[111.85847,-7.82264],[111.85747,-7.8219],[111.85635,-7.82158],[111.85522,-7.82025],[111.85359,-7.81997],[111.8521,-7.82053],[111.85169,-7.82146],[111.8507,-7.82095],[111.84962,-7.82141],[111.84924,-7.82101],[111.84983,-7.82009],[111.84911,-7.81878],[111.84739,-7.81886],[111.84599,-7.81824],[111.84518,-7.81834],[111.84306,-7.81938],[111.84221,-7.81897],[111.83944,-7.81904],[111.83815,-7.81877],[111.83663,-7.81898],[111.83373,-7.81822],[111.82504,-7.81834],[111.82318,-7.81957],[111.82032,-7.82066],[111.81993,-7.82053],[111.81726,-7.82174],[111.81512,-7.82156],[111.81329,-7.82266],[111.81327,-7.82158],[111.81405,-7.81932],[111.81304,-7.81578],[111.81386,-7.81415],[111.81401,-7.81297],[111.82283,-7.81217],[111.82472,-7.81122],[111.82995,-7.80565],[111.83794,-7.79922],[111.8397,-7.79956],[111.84229,-7.80067],[111.84423,-7.80087],[111.84657,-7.79988],[111.84853,-7.80077],[111.85035,-7.80028],[111.85401,-7.80032],[111.8553,-7.79982],[111.85631,-7.80017],[111.85828,-7.80007],[111.8607,-7.79903],[111.86295,-7.79991],[111.86476,-7.79968],[111.86513,-7.79944],[111.86531,-7.79802],[111.86698,-7.79729],[111.86879,-7.79501],[111.86979,-7.79548],[111.8704,-7.79513],[111.87062,-7.79428],[111.87124,-7.79434],[111.8719,-7.79372],[111.87362,-7.79328],[111.87389,-7.79186],[111.87335,-7.79161],[111.87322,-7.79118],[111.87362,-7.79043],[111.87426,-7.79037],[111.87524,-7.78953],[111.87478,-7.78834],[111.8736,-7.78785],[111.87393,-7.78656],[111.87336,-7.78426],[111.87448,-7.7829],[111.8773,-7.78295],[111.87852,-7.78199],[111.88091,-7.78108],[111.88334,-7.7793],[111.8843,-7.77924],[111.8862,-7.77979],[111.88786,-7.77944],[111.90278,-7.78163],[111.90996,-7.78124],[111.91107,-7.78089],[111.91573,-7.77804],[111.92064,-7.7743],[111.93422,-7.77052],[111.93719,-7.7702],[111.93821,-7.7697],[111.93993,-7.76963],[111.94044,-7.76927],[111.94099,-7.76956],[111.94191,-7.76877],[111.94306,-7.76871],[111.94327,-7.76824],[111.94446,-7.76822],[111.94501,-7.76721],[111.94766,-7.76616],[111.94851,-7.76528],[111.9491,-7.76549],[111.94995,-7.76505],[111.95208,-7.76581],[111.95312,-7.76546],[111.9551,-7.76575],[111.95589,-7.76472],[111.95721,-7.76408],[111.95726,-7.76377],[111.95822,-7.76356],[111.95888,-7.76212],[111.9596,-7.76135],[111.96064,-7.76092],[111.96221,-7.7612],[111.9639,-7.7621],[111.9641,-7.76154],[111.96373,-7.76144],[111.96444,-7.75942],[111.9679,-7.75546],[111.96767,-7.75471],[111.9671,-7.75483],[111.96726,-7.7541],[111.96869,-7.75426],[111.96853,-7.75493],[111.97357,-7.75629],[111.97404,-7.75754],[111.97556,-7.75699],[111.98162,-7.76918],[111.98277,-7.76924],[111.98472,-7.77001],[111.98525,-7.76982],[111.98663,-7.77038],[111.98875,-7.77058],[111.98955,-7.77106],[111.98966,-7.77145],[111.99169,-7.77206],[111.99302,-7.77149],[111.99385,-7.77026],[111.99438,-7.77017],[111.99479,-7.76955],[111.99547,-7.76717],[111.99455,-7.76686],[111.99466,-7.76639],[111.99503,-7.76554],[111.99621,-7.7658],[111.99648,-7.76498],[111.99601,-7.76483],[111.99611,-7.7645],[111.99657,-7.76467],[111.99698,-7.76355],[111.99398,-7.7624],[111.9932,-7.76482],[111.9926,-7.76468],[111.99238,-7.76495],[111.99005,-7.76462],[111.9892,-7.76369],[111.9893,-7.76293],[111.98705,-7.76284],[111.98708,-7.76218],[111.98525,-7.7618],[111.98394,-7.76204],[111.98186,-7.7616],[111.98186,-7.76071],[111.98363,-7.76087],[111.98373,-7.76017],[111.9842,-7.76025],[111.98449,-7.75907],[111.98475,-7.75709],[111.98352,-7.75741],[111.98308,-7.75383],[111.98318,-7.75222],[111.984,-7.75202],[111.9842,-7.75027],[111.98494,-7.75021],[111.98519,-7.75074],[111.98569,-7.7508],[111.98592,-7.75014],[111.98698,-7.75036],[111.98724,-7.74986],[111.98927,-7.75015],[111.98949,-7.75065],[111.98922,-7.75163],[111.98948,-7.75169],[111.98951,-7.75242],[111.98999,-7.75248],[111.99022,-7.75182],[111.99343,-7.75225],[111.99462,-7.75271],[111.99433,-7.75376],[111.99457,-7.75386],[111.9951,-7.75305],[111.99598,-7.75352],[111.99609,-7.75309],[111.99629,-7.7532],[111.99679,-7.75137],[111.99955,-7.75216],[111.99983,-7.75138],[112.00223,-7.75226],[112.004,-7.75549],[112.00596,-7.75753],[112.0097,-7.76],[112.01466,-7.76038],[112.01793,-7.76219],[112.02153,-7.76251],[112.02228,-7.76195],[112.02337,-7.76405],[112.02387,-7.76814],[112.0233,-7.77088],[112.0223,-7.77303],[112.02131,-7.77405],[112.01263,-7.77905],[112.01032,-7.78093],[112.00778,-7.78186],[112.00785,-7.77948],[112.00987,-7.77449],[112.00947,-7.77428],[112.01021,-7.77216],[112.00849,-7.7713],[112.00857,-7.7719],[112.00798,-7.77187],[112.00778,-7.77314],[112.00617,-7.77292],[112.00487,-7.77319],[111.99865,-7.77144],[111.998,-7.77344],[111.9975,-7.77362],[111.99707,-7.77596],[111.99626,-7.77575],[111.99535,-7.77595],[111.99512,-7.77696],[111.99447,-7.77691],[111.99426,-7.7778],[111.99238,-7.77694],[111.99169,-7.77995],[111.99292,-7.78036],[111.99254,-7.78179],[111.99316,-7.78203],[111.99322,-7.78235],[111.99266,-7.78406],[111.98955,-7.78311],[111.98912,-7.7834],[111.98863,-7.78286],[111.98587,-7.78205],[111.98539,-7.78252],[111.98469,-7.78237],[111.98466,-7.78258],[111.9832,-7.78213],[111.98284,-7.78307],[111.98319,-7.78361],[111.98265,-7.78623],[111.98187,-7.78909],[111.9814,-7.78927],[111.98078,-7.79082],[111.98039,-7.79262],[111.98152,-7.79283],[111.9813,-7.79378],[111.97952,-7.79337],[111.97909,-7.79382],[111.97819,-7.79373],[111.97794,-7.79468],[111.97415,-7.79253],[111.97397,-7.79546],[111.97206,-7.79528],[111.96965,-7.79595],[111.96906,-7.79559],[111.96661,-7.79595],[111.96481,-7.79806],[111.9628,-7.80293],[111.96208,-7.80307],[111.96133,-7.80402],[111.96006,-7.80448],[111.96002,-7.80539],[111.95902,-7.80613],[111.9584,-7.80609],[111.95804,-7.80571],[111.9569,-7.80572],[111.95648,-7.80614],[111.95548,-7.80632],[111.95544,-7.80691],[111.9548,-7.80774],[111.95537,-7.80935],[111.94162,-7.80927],[111.93896,-7.80888],[111.93722,-7.80968],[111.93636,-7.80887],[111.93414,-7.8092],[111.9325,-7.80837],[111.93174,-7.80922],[111.92992,-7.80864],[111.92892,-7.80975],[111.92818,-7.80902],[111.924,-7.80973]]]}},{"type":"Feature","properties":{"kode":"35.06.23","nama":"Ringinrejo"},"geometry":{"type":"Polygon","coordinates":[[[112.03664,-7.99332],[112.03266,-7.99514],[112.02839,-7.99661],[112.02846,-7.9969],[112.01904,-7.99949],[112.01789,-7.99956],[112.01788,-7.99998],[112.01721,-8.0004],[112.01423,-8.00172],[112.01418,-8.00073],[112.01288,-8.0005],[112.01306,-7.99833],[112.00394,-7.99761],[111.99168,-7.99581],[111.99139,-7.99856],[111.98615,-7.99768],[111.98805,-7.98251],[111.99192,-7.98374],[111.99418,-7.98399],[111.9953,-7.9845],[111.99737,-7.98615],[112.00049,-7.98599],[112.00559,-7.98684],[112.00579,-7.98423],[112.00522,-7.98403],[112.00536,-7.98332],[112.00474,-7.98319],[112.00501,-7.98217],[112.00556,-7.98233],[112.00601,-7.98176],[112.00608,-7.98069],[112.00718,-7.98068],[112.0072,-7.979],[112.0085,-7.97874],[112.00852,-7.97725],[112.01119,-7.97762],[112.0115,-7.97598],[112.0152,-7.97643],[112.01527,-7.97587],[112.01382,-7.97571],[112.01384,-7.97523],[112.01439,-7.97525],[112.01464,-7.97474],[112.01423,-7.97459],[112.0143,-7.97418],[112.01392,-7.97413],[112.01405,-7.97335],[112.01447,-7.97322],[112.01497,-7.97229],[112.0161,-7.97218],[112.01522,-7.9719],[112.01516,-7.97099],[112.01426,-7.97058],[112.01106,-7.97017],[112.0114,-7.96875],[112.01098,-7.96868],[112.01116,-7.96663],[112.01188,-7.96667],[112.01235,-7.96449],[112.01212,-7.96445],[112.01273,-7.96257],[112.01389,-7.96339],[112.01379,-7.96184],[112.01274,-7.96183],[112.01213,-7.96154],[112.01215,-7.96111],[112.01074,-7.96068],[112.01094,-7.95994],[112.00843,-7.95794],[112.00761,-7.95602],[112.00596,-7.95468],[112.00497,-7.95438],[112.00595,-7.95009],[112.00754,-7.95039],[112.00802,-7.95088],[112.0098,-7.95136],[112.01106,-7.9474],[112.00901,-7.94681],[112.00965,-7.94493],[112.01062,-7.94521],[112.01116,-7.94355],[112.01421,-7.94421],[112.01426,-7.94458],[112.01488,-7.94472],[112.01515,-7.94352],[112.01765,-7.9442],[112.0181,-7.94266],[112.02007,-7.94302],[112.01835,-7.95121],[112.01875,-7.9513],[112.01855,-7.95257],[112.01909,-7.95294],[112.01866,-7.95388],[112.01949,-7.95491],[112.02074,-7.95561],[112.02093,-7.95788],[112.02175,-7.95827],[112.02167,-7.95863],[112.02352,-7.95893],[112.02405,-7.95995],[112.02474,-7.9601],[112.02432,-7.96208],[112.0238,-7.96207],[112.02362,-7.96336],[112.02619,-7.96382],[112.02662,-7.96521],[112.03115,-7.96554],[112.03206,-7.9647],[112.03581,-7.9649],[112.03942,-7.96244],[112.04103,-7.96323],[112.04218,-7.96321],[112.04295,-7.96126],[112.04387,-7.96089],[112.04431,-7.96031],[112.0447,-7.95846],[112.04624,-7.95683],[112.04884,-7.95634],[112.05,-7.95645],[112.05439,-7.95469],[112.0554,-7.9547],[112.0571,-7.95542],[112.05838,-7.95405],[112.06064,-7.95301],[112.06206,-7.95307],[112.06473,-7.95215],[112.06912,-7.95134],[112.07043,-7.95153],[112.07159,-7.95223],[112.07423,-7.95447],[112.07613,-7.95457],[112.07956,-7.95537],[112.08144,-7.95665],[112.0817,-7.95742],[112.08363,-7.95724],[112.08463,-7.95758],[112.08559,-7.95723],[112.08708,-7.95766],[112.08841,-7.95722],[112.09166,-7.95702],[112.09331,-7.95636],[112.09829,-7.95834],[112.10167,-7.95906],[112.10314,-7.95977],[112.10521,-7.95966],[112.10697,-7.96107],[112.10696,-7.96163],[112.10766,-7.96168],[112.10762,-7.96352],[112.1106,-7.96313],[112.11071,-7.96208],[112.11261,-7.96314],[112.11235,-7.96557],[112.11279,-7.96693],[112.11235,-7.96718],[112.11224,-7.96944],[112.11189,-7.9699],[112.10741,-7.96937],[112.09625,-7.97001],[112.09825,-7.97742],[112.09629,-7.98908],[112.0937,-7.99063],[112.0908,-7.99158],[112.08767,-7.99161],[112.08609,-7.99144],[112.08545,-7.99088],[112.08379,-7.99072],[112.08303,-7.99144],[112.08199,-7.99145],[112.08092,-7.99092],[112.07888,-7.99118],[112.07403,-7.99015],[112.07242,-7.9906],[112.07231,-7.9911],[112.06777,-7.99226],[112.06463,-7.99226],[112.0617,-7.99191],[112.0601,-7.99125],[112.05772,-7.99122],[112.05592,-7.99168],[112.05331,-7.99164],[112.05323,-7.99265],[112.04714,-7.99356],[112.03664,-7.99332]]]}},{"type":"Feature","properties":{"kode":"35.06.24","nama":"Kayen Kidul"},"geometry":{"type":"Polygon","coordinates":[[[112.1035,-7.75649],[112.10273,-7.75728],[112.1029,-7.7575],[112.10208,-7.75725],[112.10122,-7.75942],[112.09927,-7.7587],[112.09864,-7.76022],[112.09912,-7.7613],[112.09886,-7.76196],[112.10097,-7.76304],[112.10031,-7.7645],[112.09669,-7.76235],[112.09617,-7.76358],[112.09589,-7.76344],[112.09604,-7.76313],[112.09438,-7.76227],[112.09483,-7.76117],[112.09297,-7.76034],[112.09105,-7.7617],[112.09046,-7.76037],[112.09077,-7.75903],[112.09021,-7.75911],[112.08975,-7.75885],[112.08985,-7.75855],[112.0889,-7.75817],[112.08936,-7.75635],[112.08718,-7.75577],[112.0856,-7.75494],[112.08545,-7.75618],[112.08522,-7.75683],[112.085,-7.75679],[112.0844,-7.75628],[112.08452,-7.75579],[112.08264,-7.75513],[112.08291,-7.75385],[112.08041,-7.75291],[112.08046,-7.75208],[112.07608,-7.74967],[112.07165,-7.74852],[112.0714,-7.75047],[112.06993,-7.75005],[112.06968,-7.75069],[112.06809,-7.75026],[112.068,-7.7506],[112.06846,-7.75073],[112.06783,-7.752],[112.0672,-7.75507],[112.06787,-7.75536],[112.06726,-7.75794],[112.066,-7.75734],[112.06528,-7.75602],[112.06438,-7.75679],[112.06379,-7.75649],[112.06287,-7.75884],[112.06162,-7.75865],[112.06107,-7.76043],[112.06172,-7.76168],[112.05906,-7.76103],[112.05754,-7.76127],[112.05618,-7.76084],[112.05649,-7.75964],[112.05513,-7.7592],[112.05541,-7.75849],[112.05486,-7.75801],[112.05533,-7.75528],[112.0544,-7.75478],[112.05488,-7.75248],[112.05533,-7.75223],[112.05513,-7.75178],[112.0554,-7.75095],[112.0549,-7.75033],[112.05282,-7.74984],[112.05177,-7.74917],[112.05166,-7.74826],[112.05113,-7.74766],[112.04875,-7.74654],[112.04584,-7.74587],[112.04489,-7.74527],[112.0443,-7.74565],[112.04378,-7.74539],[112.04347,-7.74566],[112.04369,-7.74652],[112.04329,-7.74679],[112.04373,-7.74799],[112.04329,-7.74964],[112.04273,-7.75014],[112.04183,-7.74981],[112.04199,-7.74873],[112.03996,-7.74808],[112.0403,-7.74675],[112.03713,-7.74508],[112.04552,-7.73766],[112.04618,-7.73809],[112.04835,-7.73601],[112.0481,-7.73539],[112.04746,-7.73505],[112.04844,-7.73477],[112.04884,-7.73408],[112.04852,-7.73386],[112.04945,-7.73234],[112.05023,-7.73289],[112.05077,-7.731],[112.05132,-7.73058],[112.05112,-7.72994],[112.05137,-7.72894],[112.05186,-7.72815],[112.05262,-7.72773],[112.05285,-7.72711],[112.05328,-7.72721],[112.05317,-7.7277],[112.05365,-7.72792],[112.0541,-7.72803],[112.05428,-7.72764],[112.05604,-7.72801],[112.05624,-7.72823],[112.05515,-7.72919],[112.05581,-7.72971],[112.05617,-7.72947],[112.05741,-7.72985],[112.05884,-7.73149],[112.06085,-7.73265],[112.06732,-7.73549],[112.06794,-7.73447],[112.06742,-7.73427],[112.06786,-7.73321],[112.0685,-7.73349],[112.06967,-7.72991],[112.07602,-7.73187],[112.07567,-7.73312],[112.07785,-7.73387],[112.07765,-7.73468],[112.07867,-7.735],[112.07844,-7.7362],[112.07896,-7.73809],[112.07924,-7.73817],[112.07834,-7.74121],[112.07987,-7.74168],[112.08059,-7.74245],[112.08516,-7.74419],[112.08582,-7.74037],[112.08506,-7.73995],[112.08567,-7.73807],[112.08465,-7.73771],[112.08523,-7.73579],[112.08488,-7.73563],[112.08502,-7.73485],[112.08593,-7.73193],[112.08644,-7.7321],[112.08676,-7.73104],[112.08781,-7.73124],[112.09031,-7.73179],[112.09015,-7.73251],[112.09433,-7.73352],[112.09461,-7.73249],[112.09579,-7.73269],[112.09614,-7.73149],[112.09672,-7.73157],[112.09688,-7.7303],[112.09562,-7.72997],[112.09612,-7.72843],[112.09304,-7.72758],[112.09344,-7.7259],[112.09433,-7.7261],[112.09475,-7.72435],[112.09552,-7.72457],[112.09589,-7.72321],[112.09667,-7.7234],[112.09709,-7.72229],[112.09826,-7.72282],[112.09859,-7.72201],[112.1,-7.72274],[112.1004,-7.72159],[112.09845,-7.72002],[112.0962,-7.71616],[112.09663,-7.71477],[112.09863,-7.71539],[112.09933,-7.71377],[112.10275,-7.71514],[112.1025,-7.71617],[112.10445,-7.71691],[112.1033,-7.71928],[112.10404,-7.71961],[112.10428,-7.71921],[112.10462,-7.71936],[112.10444,-7.71983],[112.10487,-7.72006],[112.10405,-7.72228],[112.10482,-7.7223],[112.10447,-7.72339],[112.10541,-7.72379],[112.10553,-7.72349],[112.10608,-7.7237],[112.10679,-7.72195],[112.10789,-7.72237],[112.10826,-7.72155],[112.1092,-7.72198],[112.1095,-7.72116],[112.11136,-7.7218],[112.11159,-7.72122],[112.11198,-7.72138],[112.11227,-7.72061],[112.11744,-7.72219],[112.11775,-7.72146],[112.12046,-7.72258],[112.12045,-7.72292],[112.12118,-7.72325],[112.12138,-7.72273],[112.12179,-7.72285],[112.12205,-7.72219],[112.12344,-7.72296],[112.12374,-7.72247],[112.12792,-7.72415],[112.12826,-7.72375],[112.12979,-7.72421],[112.13016,-7.72322],[112.13159,-7.72356],[112.13155,-7.72188],[112.1359,-7.7226],[112.13429,-7.72749],[112.13351,-7.73119],[112.13302,-7.73105],[112.13293,-7.73141],[112.13261,-7.73138],[112.13252,-7.73199],[112.132,-7.7319],[112.13179,-7.7337],[112.13231,-7.73402],[112.13162,-7.73552],[112.13219,-7.73583],[112.13161,-7.73726],[112.13286,-7.73793],[112.13326,-7.73701],[112.13299,-7.73657],[112.13412,-7.73683],[112.13464,-7.73565],[112.13361,-7.73521],[112.13385,-7.73458],[112.13356,-7.73448],[112.13457,-7.73166],[112.14439,-7.73499],[112.14785,-7.73524],[112.14808,-7.73658],[112.14884,-7.73722],[112.14873,-7.73813],[112.14957,-7.73896],[112.1496,-7.7407],[112.14894,-7.74128],[112.14919,-7.74246],[112.14825,-7.7424],[112.14735,-7.74648],[112.14736,-7.74785],[112.14782,-7.74801],[112.14766,-7.74857],[112.14848,-7.74899],[112.14786,-7.75005],[112.14768,-7.7512],[112.14887,-7.75153],[112.14849,-7.7527],[112.14964,-7.75327],[112.14946,-7.75385],[112.14987,-7.75399],[112.14933,-7.7576],[112.14827,-7.75732],[112.14684,-7.75745],[112.14596,-7.75707],[112.14441,-7.75625],[112.14278,-7.75468],[112.14165,-7.75733],[112.1412,-7.75713],[112.14092,-7.75773],[112.13797,-7.75773],[112.1374,-7.75748],[112.13691,-7.75846],[112.13805,-7.759],[112.13748,-7.76021],[112.13797,-7.76048],[112.13869,-7.75875],[112.14039,-7.75979],[112.13972,-7.76195],[112.13722,-7.76062],[112.13691,-7.76154],[112.13519,-7.76063],[112.13272,-7.76602],[112.13111,-7.76529],[112.1292,-7.76936],[112.12595,-7.76847],[112.12192,-7.76633],[112.11969,-7.76623],[112.11716,-7.76526],[112.11703,-7.76558],[112.11292,-7.76484],[112.11233,-7.7641],[112.11242,-7.76371],[112.11184,-7.76349],[112.11116,-7.76326],[112.1104,-7.7638],[112.10594,-7.76223],[112.10588,-7.76181],[112.10453,-7.76131],[112.10499,-7.76029],[112.10463,-7.76009],[112.10484,-7.75915],[112.10421,-7.75869],[112.1039,-7.75683],[112.1035,-7.75649]]]}},{"type":"Feature","properties":{"kode":"35.06.25","nama":"Ngasem"},"geometry":{"type":"Polygon","coordinates":[[[112.04346,-7.82403],[112.04319,-7.82309],[112.04199,-7.82259],[112.0427,-7.82043],[112.03928,-7.81928],[112.03875,-7.82074],[112.038,-7.82017],[112.03638,-7.82009],[112.03328,-7.81883],[112.0362,-7.81198],[112.03695,-7.81225],[112.03769,-7.81056],[112.03755,-7.81033],[112.03631,-7.81043],[112.03089,-7.80861],[112.03034,-7.80988],[112.02929,-7.80959],[112.03184,-7.80138],[112.0311,-7.80077],[112.0313,-7.80029],[112.03044,-7.79959],[112.02844,-7.79894],[112.02826,-7.79958],[112.02632,-7.79914],[112.026,-7.80006],[112.01998,-7.7978],[112.01603,-7.79567],[112.01604,-7.79223],[112.01734,-7.79257],[112.01774,-7.79062],[112.01584,-7.79021],[112.01583,-7.78958],[112.01606,-7.78962],[112.01617,-7.78911],[112.01687,-7.78927],[112.0169,-7.78901],[112.01961,-7.78957],[112.01983,-7.78853],[112.01918,-7.7884],[112.01951,-7.78748],[112.01909,-7.78731],[112.01918,-7.78691],[112.01783,-7.78633],[112.01852,-7.78591],[112.01862,-7.78545],[112.01902,-7.78552],[112.01965,-7.78453],[112.02015,-7.78493],[112.02096,-7.78503],[112.02118,-7.78457],[112.02191,-7.78462],[112.02287,-7.78316],[112.02301,-7.78355],[112.02484,-7.78422],[112.02461,-7.78511],[112.0254,-7.78534],[112.02558,-7.78481],[112.02625,-7.78499],[112.02612,-7.78556],[112.02737,-7.78596],[112.02753,-7.78542],[112.02842,-7.78586],[112.0285,-7.78563],[112.03098,-7.78682],[112.03392,-7.78752],[112.03437,-7.78646],[112.03392,-7.78603],[112.03413,-7.78569],[112.03646,-7.78631],[112.03867,-7.78764],[112.03957,-7.78472],[112.0398,-7.7848],[112.0406,-7.78273],[112.04026,-7.78263],[112.04034,-7.78227],[112.03887,-7.78179],[112.03994,-7.77798],[112.03946,-7.77774],[112.04037,-7.77474],[112.04167,-7.77521],[112.04192,-7.77447],[112.04226,-7.77331],[112.04192,-7.77296],[112.04231,-7.76966],[112.04205,-7.76958],[112.04231,-7.76891],[112.04298,-7.76934],[112.04376,-7.76683],[112.04583,-7.76793],[112.04672,-7.76635],[112.04747,-7.76661],[112.04683,-7.7683],[112.0482,-7.76912],[112.04783,-7.77079],[112.04742,-7.77091],[112.04834,-7.7711],[112.04864,-7.77182],[112.04798,-7.77402],[112.04978,-7.77466],[112.05036,-7.77459],[112.0532,-7.77645],[112.05426,-7.77679],[112.0551,-7.77527],[112.05591,-7.77557],[112.05661,-7.77403],[112.05869,-7.77499],[112.05879,-7.77527],[112.0582,-7.77619],[112.05966,-7.77727],[112.05948,-7.77801],[112.06,-7.77842],[112.05995,-7.77946],[112.05938,-7.77927],[112.05859,-7.78172],[112.06025,-7.78236],[112.05959,-7.78413],[112.05989,-7.78425],[112.05966,-7.78511],[112.06093,-7.78576],[112.05912,-7.79027],[112.0582,-7.78988],[112.05793,-7.7904],[112.05706,-7.79346],[112.05686,-7.79464],[112.05718,-7.79474],[112.05674,-7.79624],[112.06052,-7.79856],[112.06198,-7.79844],[112.0636,-7.79896],[112.06407,-7.79974],[112.06469,-7.79952],[112.06712,-7.80029],[112.0683,-7.80037],[112.06867,-7.79997],[112.07108,-7.8013],[112.07049,-7.80385],[112.06975,-7.8036],[112.06958,-7.80486],[112.06997,-7.8063],[112.07191,-7.80842],[112.0731,-7.80911],[112.07291,-7.80984],[112.07324,-7.80993],[112.07248,-7.81117],[112.07287,-7.81134],[112.07259,-7.81436],[112.06344,-7.81792],[112.06149,-7.82213],[112.06272,-7.82282],[112.06402,-7.82292],[112.06578,-7.82379],[112.06612,-7.82174],[112.06913,-7.8231],[112.06852,-7.8242],[112.07068,-7.82512],[112.07013,-7.8272],[112.06918,-7.82681],[112.06858,-7.82838],[112.07087,-7.82953],[112.07036,-7.82963],[112.07015,-7.83003],[112.06931,-7.83272],[112.06821,-7.8324],[112.06697,-7.83589],[112.06657,-7.83541],[112.06433,-7.8347],[112.06322,-7.83373],[112.06202,-7.83363],[112.05989,-7.83235],[112.05779,-7.83155],[112.05743,-7.83167],[112.05717,-7.8324],[112.0568,-7.83225],[112.05587,-7.83437],[112.05438,-7.83363],[112.05483,-7.83233],[112.05548,-7.83262],[112.0558,-7.83152],[112.05464,-7.83117],[112.05447,-7.83079],[112.05175,-7.82947],[112.05117,-7.83055],[112.05001,-7.83024],[112.04747,-7.82814],[112.04302,-7.82675],[112.04333,-7.82572],[112.04303,-7.82517],[112.04346,-7.82403]]]}},{"type":"Feature","properties":{"kode":"35.06.26","nama":"Badas"},"geometry":{"type":"Polygon","coordinates":[[[112.20919,-7.76051],[112.20693,-7.76339],[112.20532,-7.76303],[112.20317,-7.76193],[112.20335,-7.76149],[112.20248,-7.7611],[112.20263,-7.76073],[112.20232,-7.7602],[112.20133,-7.75972],[112.20186,-7.75843],[112.20415,-7.75933],[112.20426,-7.75896],[112.20199,-7.75816],[112.20238,-7.75725],[112.2046,-7.75801],[112.20523,-7.75656],[112.20358,-7.75571],[112.20476,-7.75354],[112.20408,-7.75318],[112.20466,-7.75057],[112.20135,-7.74933],[112.20146,-7.74656],[112.20063,-7.74638],[112.20075,-7.74589],[112.19705,-7.74506],[112.19737,-7.74386],[112.19385,-7.74252],[112.19313,-7.74427],[112.19373,-7.74449],[112.19292,-7.74646],[112.19346,-7.74686],[112.19322,-7.74725],[112.19355,-7.74765],[112.19328,-7.74807],[112.1918,-7.74728],[112.19154,-7.74761],[112.19235,-7.74803],[112.19209,-7.74864],[112.19118,-7.7483],[112.19141,-7.74784],[112.1909,-7.74751],[112.19138,-7.74675],[112.19181,-7.74702],[112.19205,-7.74658],[112.1914,-7.74615],[112.19165,-7.74577],[112.19077,-7.74528],[112.18998,-7.74699],[112.18886,-7.74623],[112.18602,-7.74544],[112.18457,-7.74401],[112.18379,-7.74408],[112.18363,-7.74436],[112.18296,-7.74423],[112.1824,-7.74535],[112.18161,-7.74509],[112.18198,-7.7441],[112.17994,-7.74348],[112.17947,-7.74452],[112.17817,-7.74376],[112.17833,-7.74232],[112.17757,-7.7421],[112.17735,-7.74263],[112.17636,-7.74245],[112.17508,-7.74216],[112.17379,-7.7414],[112.17533,-7.7376],[112.17407,-7.73705],[112.17335,-7.73598],[112.16866,-7.73386],[112.16963,-7.73207],[112.16938,-7.73175],[112.17132,-7.72797],[112.17346,-7.72899],[112.1747,-7.73027],[112.17538,-7.72896],[112.17561,-7.72905],[112.17573,-7.72879],[112.17517,-7.72849],[112.17677,-7.72434],[112.17646,-7.72421],[112.17665,-7.72342],[112.17792,-7.72129],[112.17997,-7.71436],[112.18041,-7.71427],[112.18056,-7.71475],[112.18116,-7.71474],[112.18454,-7.71654],[112.18524,-7.71746],[112.1857,-7.71722],[112.18681,-7.71548],[112.18683,-7.71401],[112.18813,-7.71189],[112.18975,-7.71153],[112.18962,-7.71061],[112.19025,-7.70812],[112.19013,-7.70639],[112.19109,-7.70545],[112.19131,-7.70462],[112.18986,-7.70164],[112.18925,-7.70123],[112.18896,-7.70008],[112.18904,-7.69874],[112.18944,-7.69801],[112.18843,-7.69648],[112.18716,-7.69628],[112.18771,-7.69407],[112.18867,-7.69306],[112.18899,-7.69208],[112.18976,-7.69172],[112.18959,-7.69132],[112.19009,-7.69148],[112.19021,-7.69116],[112.19531,-7.69229],[112.19544,-7.69172],[112.19719,-7.69243],[112.19692,-7.69169],[112.19876,-7.69259],[112.19889,-7.69224],[112.19931,-7.69249],[112.20039,-7.69186],[112.20088,-7.69197],[112.20108,-7.69162],[112.20232,-7.69144],[112.20279,-7.69042],[112.20372,-7.69083],[112.20909,-7.68764],[112.20954,-7.68708],[112.21252,-7.68895],[112.2129,-7.68772],[112.21375,-7.68796],[112.21521,-7.6885],[112.21498,-7.68905],[112.21602,-7.68954],[112.21595,-7.68978],[112.22189,-7.69157],[112.22591,-7.69736],[112.23308,-7.70137],[112.23334,-7.70191],[112.23326,-7.70452],[112.23415,-7.70475],[112.23325,-7.70708],[112.23427,-7.70801],[112.23841,-7.7102],[112.23872,-7.71066],[112.23867,-7.71151],[112.24124,-7.71411],[112.24069,-7.7147],[112.23904,-7.71828],[112.23728,-7.7186],[112.23589,-7.72225],[112.23757,-7.72462],[112.23858,-7.72701],[112.23829,-7.72797],[112.23767,-7.72802],[112.23685,-7.72915],[112.23631,-7.72921],[112.23599,-7.73127],[112.23695,-7.73168],[112.23697,-7.73274],[112.23793,-7.73345],[112.23764,-7.73599],[112.23952,-7.73612],[112.24021,-7.73654],[112.24046,-7.73758],[112.2402,-7.73957],[112.23938,-7.74263],[112.24033,-7.74328],[112.23941,-7.74658],[112.23902,-7.74713],[112.23848,-7.74697],[112.23811,-7.74833],[112.23666,-7.75083],[112.23329,-7.76457],[112.23078,-7.76371],[112.23019,-7.76327],[112.2299,-7.76254],[112.22899,-7.76276],[112.22875,-7.76237],[112.22654,-7.76192],[112.22627,-7.76155],[112.22482,-7.76221],[112.22469,-7.76187],[112.21424,-7.76189],[112.21131,-7.76146],[112.20919,-7.76051]]]}}]}